customer_id,customer_type,city,registered_date,loyalty_tier
C00001,Business,Leeds,2024-01-13,Bronze
C00002,Business,Bristol,2020-11-06,Silver
C00003,Individual,Bristol,2022-01-08,Platinum
C00004,Individual,London,2023-04-08,Platinum
C00005,Individual,Birmingham,2021-06-29,Bronze
C00006,Individual,London,2021-02-17,Silver
C00007,Business,Leeds,2020-09-07,Silver
C00008,Individual,Birmingham,2022-01-28,Gold
C00009,Business,Leeds,2024-12-09,Gold
C00010,Individual,Glasgow,2023-03-10,Gold
C00011,Individual,Birmingham,2023-07-21,Bronze
C00012,Business,Birmingham,2023-12-10,Gold
C00013,Individual,Birmingham,2024-06-19,Bronze
C00014,Individual,Birmingham,2024-10-28,Gold
C00015,Business,Manchester,2025-03-29,Bronze
C00016,Individual,Bristol,2022-11-28,Platinum
C00017,Individual,Manchester,2022-03-24,Bronze
C00018,Business,Bristol,2020-01-29,Gold
C00019,Individual,Birmingham,2022-08-15,Gold
C00020,Individual,Manchester,2021-04-21,Gold
C00021,Business,Manchester,2020-11-13,Silver
C00022,Individual,Manchester,2020-09-01,Bronze
C00023,Individual,London,2022-01-17,Bronze
C00024,Individual,Bristol,2021-11-27,Silver
C00025,Business,Manchester,2020-09-28,Silver
C00026,Individual,Glasgow,2024-01-03,Silver
C00027,Business,London,2024-11-06,Platinum
C00028,Individual,Glasgow,2023-06-16,Silver
C00029,Business,Bristol,2021-01-11,Gold
C00030,Business,Manchester,2020-09-22,Silver
C00031,Individual,Leeds,2022-07-14,Silver
C00032,Individual,Glasgow,2022-07-09,Platinum
C00033,Business,Birmingham,2023-10-14,Platinum
C00034,Business,Manchester,2020-12-05,Silver
C00035,Individual,Birmingham,2021-01-23,Bronze
C00036,Business,Birmingham,2021-07-30,Bronze
C00037,Individual,Birmingham,2024-09-08,Bronze
C00038,Individual,Birmingham,2020-01-03,Platinum
C00039,Individual,Leeds,2023-12-23,Bronze
C00040,Individual,Leeds,2023-03-11,Gold
C00041,Individual,Leeds,2021-01-10,Bronze
C00042,Business,Bristol,2024-08-20,Gold
C00043,Individual,Leeds,2020-11-19,Bronze
C00044,Individual,Manchester,2020-05-25,Bronze
C00045,Individual,London,2025-06-04,Gold
C00046,Individual,Manchester,2020-10-19,Bronze
C00047,Individual,Leeds,2024-08-15,Silver
C00048,Business,Leeds,2021-03-07,Bronze
C00049,Individual,London,2021-12-05,Gold
C00050,Individual,Manchester,2022-08-06,Platinum
C00051,Individual,Birmingham,2025-06-21,Silver
C00052,Individual,London,2021-08-07,Bronze
C00053,Individual,Leeds,2021-02-02,Platinum
C00054,Individual,London,2022-03-27,Platinum
C00055,Individual,Glasgow,2025-03-27,Silver
C00056,Individual,Birmingham,2023-09-29,Platinum
C00057,Individual,Bristol,2022-08-21,Gold
C00058,Individual,Bristol,2023-03-09,Platinum
C00059,Individual,Glasgow,2020-07-05,Bronze
C00060,Individual,London,2025-01-02,Bronze
C00061,Business,Leeds,2020-03-01,Bronze
C00062,Business,Birmingham,2022-07-27,Gold
C00063,Individual,Birmingham,2023-11-04,Bronze
C00064,Individual,Manchester,2021-12-10,Bronze
C00065,Individual,Manchester,2022-03-17,Bronze
C00066,Individual,Bristol,2024-01-03,Gold
C00067,Individual,Glasgow,2023-09-04,Platinum
C00068,Business,Glasgow,2023-08-18,Silver
C00069,Individual,London,2023-09-29,Platinum
C00070,Individual,Birmingham,2020-01-11,Silver
C00071,Individual,Manchester,2022-12-21,Bronze
C00072,Individual,Birmingham,2025-02-11,Platinum
C00073,Business,Birmingham,2020-08-13,Bronze
C00074,Individual,Birmingham,2023-03-22,Gold
C00075,Individual,Glasgow,2024-09-30,Gold
C00076,Individual,London,2021-07-17,Gold
C00077,Business,Leeds,2022-02-10,Platinum
C00078,Business,Birmingham,2024-05-13,Silver
C00079,Business,Glasgow,2024-05-26,Platinum
C00080,Individual,Bristol,2024-08-10,Gold
C00081,Individual,Glasgow,2025-02-27,Platinum
C00082,Individual,Leeds,2024-05-17,Silver
C00083,Individual,Birmingham,2023-08-26,Bronze
C00084,Individual,Birmingham,2022-06-03,Gold
C00085,Individual,Leeds,2023-06-20,Platinum
C00086,Individual,Glasgow,2024-02-25,Platinum
C00087,Individual,Leeds,2023-10-21,Bronze
C00088,Individual,Bristol,2023-09-15,Platinum
C00089,Individual,Glasgow,2023-02-04,Bronze
C00090,Individual,Glasgow,2020-08-13,Platinum
C00091,Individual,Bristol,2022-04-04,Silver
C00092,Individual,Manchester,2020-08-05,Platinum
C00093,Individual,Manchester,2022-07-25,Bronze
C00094,Individual,Glasgow,2022-01-22,Gold
C00095,Individual,Leeds,2021-05-20,Bronze
C00096,Individual,Glasgow,2020-09-15,Platinum
C00097,Individual,Birmingham,2025-03-26,Platinum
C00098,Individual,Bristol,2024-12-02,Silver
C00099,Individual,Leeds,2024-03-20,Gold
C00100,Individual,Manchester,2024-12-01,Bronze
C00101,Individual,Glasgow,2020-02-23,Silver
C00102,Business,Bristol,2022-12-06,Platinum
C00103,Individual,Birmingham,2021-12-27,Gold
C00104,Business,Manchester,2021-11-19,Gold
C00105,Business,Manchester,2024-03-24,Bronze
C00106,Individual,London,2023-01-27,Platinum
C00107,Individual,Glasgow,2022-11-09,Platinum
C00108,Individual,Glasgow,2025-03-28,Gold
C00109,Individual,Glasgow,2024-11-11,Bronze
C00110,Individual,Birmingham,2024-05-15,Silver
C00111,Individual,Birmingham,2025-03-29,Silver
C00112,Individual,Manchester,2024-02-22,Silver
C00113,Individual,Leeds,2021-02-22,Bronze
C00114,Individual,Bristol,2021-11-20,Gold
C00115,Business,Bristol,2022-04-29,Silver
C00116,Individual,London,2020-03-02,Gold
C00117,Business,Glasgow,2023-03-14,Platinum
C00118,Business,Leeds,2020-08-03,Bronze
C00119,Individual,Birmingham,2020-01-03,Bronze
C00120,Business,Leeds,2020-06-08,Gold
C00121,Individual,Bristol,2024-10-28,Silver
C00122,Individual,Leeds,2022-02-19,Bronze
C00123,Individual,Bristol,2023-02-17,Silver
C00124,Individual,Manchester,2022-06-11,Silver
C00125,Individual,Glasgow,2023-01-17,Silver
C00126,Individual,Bristol,2020-11-24,Gold
C00127,Individual,Birmingham,2021-08-02,Silver
C00128,Individual,Manchester,2025-04-17,Gold
C00129,Individual,Bristol,2023-10-12,Silver
C00130,Individual,Manchester,2024-06-21,Gold
C00131,Individual,London,2023-07-14,Bronze
C00132,Individual,Glasgow,2024-06-28,Gold
C00133,Individual,Bristol,2022-08-09,Platinum
C00134,Individual,Leeds,2023-09-08,Gold
C00135,Individual,Leeds,2021-09-26,Silver
C00136,Business,Birmingham,2022-09-14,Platinum
C00137,Individual,Glasgow,2024-04-13,Bronze
C00138,Individual,Leeds,2024-07-30,Platinum
C00139,Business,Leeds,2023-05-03,Silver
C00140,Individual,Bristol,2022-07-09,Silver
C00141,Individual,Glasgow,2022-01-07,Gold
C00142,Individual,Leeds,2023-09-17,Silver
C00143,Individual,Bristol,2020-06-18,Bronze
C00144,Individual,Manchester,2021-06-04,Platinum
C00145,Individual,Birmingham,2024-01-26,Platinum
C00146,Individual,Manchester,2020-02-09,Bronze
C00147,Individual,Birmingham,2024-04-09,Platinum
C00148,Business,Manchester,2023-07-08,Silver
C00149,Individual,Bristol,2023-11-19,Gold
C00150,Individual,Manchester,2022-08-12,Platinum
C00151,Business,Leeds,2023-06-03,Gold
C00152,Business,London,2022-09-10,Bronze
C00153,Business,Bristol,2023-02-21,Platinum
C00154,Individual,Manchester,2022-09-01,Gold
C00155,Individual,London,2020-02-07,Gold
C00156,Business,Bristol,2020-11-23,Platinum
C00157,Individual,Bristol,2023-06-28,Bronze
C00158,Individual,Leeds,2025-04-08,Silver
C00159,Individual,Glasgow,2023-04-14,Gold
C00160,Business,Birmingham,2024-06-13,Bronze
C00161,Business,London,2022-07-02,Silver
C00162,Individual,Bristol,2021-03-29,Gold
C00163,Individual,Leeds,2020-02-06,Platinum
C00164,Individual,Bristol,2023-09-01,Bronze
C00165,Individual,London,2024-09-07,Platinum
C00166,Individual,Birmingham,2022-08-30,Gold
C00167,Individual,Manchester,2022-03-06,Platinum
C00168,Individual,London,2025-06-11,Bronze
C00169,Individual,Glasgow,2022-08-30,Gold
C00170,Business,Bristol,2021-08-15,Platinum
C00171,Individual,Bristol,2023-02-11,Silver
C00172,Individual,Bristol,2022-11-29,Gold
C00173,Individual,Leeds,2023-08-17,Gold
C00174,Individual,Bristol,2020-08-11,Platinum
C00175,Individual,Leeds,2020-11-13,Bronze
C00176,Individual,Birmingham,2020-12-14,Bronze
C00177,Business,Bristol,2020-04-24,Gold
C00178,Individual,Bristol,2021-11-28,Platinum
C00179,Individual,Glasgow,2023-09-08,Silver
C00180,Individual,Bristol,2024-05-10,Platinum
C00181,Individual,Bristol,2022-11-29,Platinum
C00182,Individual,Glasgow,2025-03-04,Silver
C00183,Individual,Bristol,2020-02-09,Bronze
C00184,Individual,London,2025-02-25,Platinum
C00185,Individual,Leeds,2025-06-19,Silver
C00186,Business,Glasgow,2024-11-07,Silver
C00187,Business,Bristol,2023-08-05,Platinum
C00188,Individual,Glasgow,2023-07-09,Silver
C00189,Individual,Bristol,2020-08-03,Gold
C00190,Business,Bristol,2023-03-16,Platinum
C00191,Individual,Manchester,2020-12-01,Platinum
C00192,Individual,Bristol,2023-04-06,Gold
C00193,Individual,Bristol,2020-04-01,Platinum
C00194,Individual,Manchester,2020-12-18,Gold
C00195,Individual,Manchester,2021-07-24,Gold
C00196,Individual,Glasgow,2024-05-13,Silver
C00197,Business,Birmingham,2022-03-26,Platinum
C00198,Individual,Bristol,2024-08-31,Gold
C00199,Individual,London,2022-02-19,Platinum
C00200,Business,Birmingham,2020-12-28,Silver
C00201,Individual,London,2021-07-10,Gold
C00202,Individual,Birmingham,2023-09-30,Platinum
C00203,Individual,Glasgow,2024-09-12,Platinum
C00204,Individual,Manchester,2023-04-08,Gold
C00205,Individual,Manchester,2020-12-21,Bronze
C00206,Individual,Manchester,2020-07-09,Bronze
C00207,Individual,Glasgow,2024-08-17,Silver
C00208,Individual,London,2021-02-25,Platinum
C00209,Individual,Glasgow,2021-11-30,Platinum
C00210,Individual,Glasgow,2020-01-07,Silver
C00211,Individual,Bristol,2020-05-12,Silver
C00212,Business,Glasgow,2024-11-05,Platinum
C00213,Business,Glasgow,2021-07-10,Silver
C00214,Individual,Birmingham,2022-04-05,Gold
C00215,Individual,London,2022-01-30,Silver
C00216,Individual,Manchester,2022-11-20,Platinum
C00217,Individual,London,2021-06-18,Platinum
C00218,Business,Manchester,2021-03-01,Gold
C00219,Individual,London,2023-11-18,Gold
C00220,Individual,Birmingham,2021-11-02,Gold
C00221,Business,Glasgow,2020-12-28,Platinum
C00222,Individual,Bristol,2023-12-31,Platinum
C00223,Individual,Manchester,2024-08-20,Bronze
C00224,Individual,Manchester,2024-04-23,Platinum
C00225,Individual,Glasgow,2025-05-04,Silver
C00226,Individual,Glasgow,2020-03-22,Gold
C00227,Individual,Bristol,2020-12-21,Silver
C00228,Individual,Bristol,2023-07-05,Platinum
C00229,Business,Bristol,2024-10-07,Gold
C00230,Individual,Leeds,2021-08-11,Bronze
C00231,Individual,Manchester,2024-03-27,Platinum
C00232,Individual,Manchester,2020-10-21,Bronze
C00233,Individual,Leeds,2025-06-08,Silver
C00234,Business,Birmingham,2023-06-01,Gold
C00235,Individual,Bristol,2024-03-28,Bronze
C00236,Individual,Glasgow,2022-12-05,Gold
C00237,Individual,London,2024-08-17,Bronze
C00238,Business,Birmingham,2023-02-10,Silver
C00239,Business,Glasgow,2023-06-10,Gold
C00240,Individual,Glasgow,2020-01-17,Gold
C00241,Individual,Bristol,2020-12-25,Silver
C00242,Individual,Manchester,2023-05-31,Platinum
C00243,Individual,Leeds,2022-05-15,Gold
C00244,Business,Glasgow,2021-11-30,Platinum
C00245,Individual,Manchester,2021-03-23,Bronze
C00246,Business,Bristol,2022-05-05,Gold
C00247,Individual,Bristol,2020-12-30,Bronze
C00248,Individual,Bristol,2021-11-05,Silver
C00249,Individual,Manchester,2022-10-04,Gold
C00250,Business,London,2023-09-11,Silver
C00251,Business,London,2021-04-11,Platinum
C00252,Individual,Leeds,2021-02-17,Silver
C00253,Business,Leeds,2024-01-18,Bronze
C00254,Business,Glasgow,2021-08-08,Gold
C00255,Individual,Leeds,2023-06-10,Gold
C00256,Individual,Glasgow,2023-06-01,Silver
C00257,Individual,London,2022-09-20,Platinum
C00258,Individual,Glasgow,2025-01-28,Bronze
C00259,Individual,London,2023-12-06,Platinum
C00260,Individual,Birmingham,2021-07-25,Platinum
C00261,Individual,Manchester,2020-11-30,Platinum
C00262,Individual,Leeds,2023-05-30,Platinum
C00263,Business,Leeds,2020-02-06,Bronze
C00264,Individual,Glasgow,2022-09-15,Gold
C00265,Individual,Manchester,2020-10-04,Platinum
C00266,Individual,Glasgow,2023-05-04,Silver
C00267,Individual,London,2022-07-04,Gold
C00268,Business,Glasgow,2025-03-02,Platinum
C00269,Business,Manchester,2021-04-28,Silver
C00270,Business,Birmingham,2023-06-19,Silver
C00271,Individual,Manchester,2023-09-09,Bronze
C00272,Individual,Glasgow,2021-12-31,Platinum
C00273,Individual,Manchester,2020-07-10,Silver
C00274,Individual,London,2022-11-06,Bronze
C00275,Business,Bristol,2021-06-07,Bronze
C00276,Individual,Glasgow,2022-07-06,Bronze
C00277,Business,Leeds,2021-02-04,Silver
C00278,Individual,London,2025-04-13,Silver
C00279,Individual,Manchester,2022-06-04,Gold
C00280,Individual,Manchester,2021-12-05,Gold
C00281,Individual,Glasgow,2020-01-22,Silver
C00282,Business,Birmingham,2021-04-18,Gold
C00283,Individual,Bristol,2023-02-17,Silver
C00284,Business,Bristol,2020-07-28,Platinum
C00285,Individual,Birmingham,2020-11-01,Platinum
C00286,Individual,Glasgow,2023-07-17,Platinum
C00287,Business,Manchester,2021-12-04,Gold
C00288,Business,Manchester,2021-11-17,Platinum
C00289,Individual,Manchester,2020-10-11,Gold
C00290,Individual,Leeds,2021-12-16,Bronze
C00291,Business,Leeds,2024-08-26,Silver
C00292,Business,Manchester,2022-02-01,Gold
C00293,Individual,Birmingham,2023-06-04,Bronze
C00294,Business,Birmingham,2022-08-05,Bronze
C00295,Individual,London,2021-01-15,Gold
C00296,Business,Glasgow,2021-04-04,Bronze
C00297,Individual,Manchester,2022-10-27,Silver
C00298,Business,Manchester,2020-01-29,Gold
C00299,Individual,London,2022-06-25,Silver
C00300,Individual,Glasgow,2022-11-22,Bronze
C00301,Business,Manchester,2024-07-27,Silver
C00302,Business,Manchester,2022-05-28,Gold
C00303,Individual,Leeds,2020-03-19,Platinum
C00304,Individual,Birmingham,2025-05-05,Gold
C00305,Individual,Bristol,2022-08-04,Platinum
C00306,Business,London,2021-04-03,Platinum
C00307,Individual,Manchester,2021-07-23,Gold
C00308,Individual,Leeds,2024-04-10,Bronze
C00309,Individual,Glasgow,2024-02-14,Silver
C00310,Individual,Birmingham,2023-12-24,Platinum
C00311,Individual,Manchester,2022-01-07,Silver
C00312,Individual,Manchester,2023-08-01,Platinum
C00313,Individual,Leeds,2021-05-30,Gold
C00314,Individual,Leeds,2023-01-27,Platinum
C00315,Business,Manchester,2021-01-31,Gold
C00316,Individual,Manchester,2024-02-21,Platinum
C00317,Individual,Bristol,2020-02-08,Bronze
C00318,Individual,London,2023-07-18,Bronze
C00319,Individual,Leeds,2022-06-05,Silver
C00320,Individual,London,2022-03-07,Silver
C00321,Individual,Manchester,2020-06-05,Platinum
C00322,Individual,London,2023-01-03,Platinum
C00323,Business,London,2022-06-02,Bronze
C00324,Business,London,2024-12-28,Bronze
C00325,Individual,Bristol,2023-02-27,Gold
C00326,Individual,Bristol,2024-09-06,Platinum
C00327,Individual,London,2022-08-31,Bronze
C00328,Individual,Manchester,2023-01-12,Silver
C00329,Individual,Birmingham,2022-11-11,Gold
C00330,Business,London,2024-01-22,Gold
C00331,Business,Leeds,2024-04-11,Silver
C00332,Individual,Birmingham,2024-09-26,Bronze
C00333,Individual,London,2022-04-28,Platinum
C00334,Business,Leeds,2023-11-06,Platinum
C00335,Individual,Glasgow,2022-01-17,Bronze
C00336,Individual,London,2024-01-03,Platinum
C00337,Business,Glasgow,2024-06-15,Gold
C00338,Individual,Bristol,2022-09-15,Bronze
C00339,Individual,Manchester,2020-01-21,Platinum
C00340,Individual,London,2020-10-29,Bronze
C00341,Individual,Bristol,2025-06-22,Bronze
C00342,Individual,Birmingham,2022-05-18,Bronze
C00343,Individual,Bristol,2025-06-01,Silver
C00344,Business,London,2020-03-24,Gold
C00345,Individual,Bristol,2024-12-02,Silver
C00346,Business,Glasgow,2024-08-09,Gold
C00347,Business,Glasgow,2025-05-30,Silver
C00348,Individual,Bristol,2024-01-16,Gold
C00349,Individual,London,2023-11-11,Platinum
C00350,Individual,London,2024-03-10,Gold
C00351,Business,Birmingham,2023-07-04,Bronze
C00352,Individual,Leeds,2021-07-23,Platinum
C00353,Individual,Birmingham,2025-03-30,Platinum
C00354,Business,Manchester,2022-07-22,Platinum
C00355,Individual,Bristol,2024-03-30,Gold
C00356,Individual,Glasgow,2023-03-31,Bronze
C00357,Individual,Birmingham,2025-06-03,Silver
C00358,Business,Glasgow,2023-04-01,Silver
C00359,Business,Birmingham,2025-01-29,Gold
C00360,Individual,London,2022-10-05,Bronze
C00361,Individual,Leeds,2022-03-03,Gold
C00362,Individual,London,2022-03-02,Silver
C00363,Individual,Manchester,2024-03-27,Platinum
C00364,Business,Bristol,2024-12-14,Platinum
C00365,Individual,London,2023-07-18,Bronze
C00366,Individual,Bristol,2021-05-06,Bronze
C00367,Individual,Leeds,2020-07-26,Bronze
C00368,Individual,Leeds,2024-04-11,Platinum
C00369,Individual,Glasgow,2024-05-26,Silver
C00370,Individual,Glasgow,2022-12-19,Platinum
C00371,Individual,Manchester,2021-03-05,Gold
C00372,Individual,Birmingham,2022-09-11,Platinum
C00373,Individual,London,2024-08-07,Silver
C00374,Business,Birmingham,2024-06-16,Platinum
C00375,Individual,Leeds,2023-08-25,Bronze
C00376,Individual,Birmingham,2021-06-03,Silver
C00377,Business,Bristol,2021-08-13,Silver
C00378,Business,London,2022-11-16,Silver
C00379,Individual,London,2024-09-05,Platinum
C00380,Individual,Bristol,2024-05-04,Platinum
C00381,Individual,Leeds,2020-07-17,Gold
C00382,Business,Glasgow,2021-01-21,Silver
C00383,Individual,Birmingham,2020-12-14,Silver
C00384,Business,Birmingham,2022-08-17,Silver
C00385,Business,Birmingham,2025-05-17,Gold
C00386,Business,Bristol,2021-11-23,Silver
C00387,Individual,Leeds,2024-04-08,Gold
C00388,Business,Birmingham,2025-01-25,Bronze
C00389,Individual,Bristol,2021-01-12,Silver
C00390,Individual,Glasgow,2022-06-17,Platinum
C00391,Individual,Leeds,2022-07-04,Gold
C00392,Individual,Leeds,2024-04-30,Platinum
C00393,Individual,Glasgow,2021-06-10,Gold
C00394,Individual,Birmingham,2023-03-22,Silver
C00395,Business,Leeds,2022-01-03,Bronze
C00396,Business,Bristol,2020-07-24,Platinum
C00397,Business,Bristol,2021-03-30,Platinum
C00398,Individual,Birmingham,2023-07-20,Bronze
C00399,Individual,Manchester,2025-04-01,Gold
C00400,Individual,Glasgow,2023-06-13,Bronze
C00401,Business,Birmingham,2025-02-18,Platinum
C00402,Individual,London,2024-10-29,Bronze
C00403,Individual,Manchester,2021-06-04,Silver
C00404,Business,Birmingham,2024-08-28,Platinum
C00405,Business,Glasgow,2025-05-21,Silver
C00406,Individual,London,2022-10-13,Platinum
C00407,Individual,Birmingham,2022-08-13,Platinum
C00408,Individual,London,2025-01-28,Silver
C00409,Individual,Birmingham,2021-12-26,Gold
C00410,Business,Manchester,2022-10-10,Platinum
C00411,Individual,Leeds,2021-05-15,Bronze
C00412,Business,Glasgow,2020-04-26,Platinum
C00413,Individual,London,2021-01-20,Gold
C00414,Individual,Glasgow,2023-09-29,Bronze
C00415,Individual,Birmingham,2021-08-06,Bronze
C00416,Individual,Glasgow,2021-01-29,Silver
C00417,Individual,Bristol,2022-12-23,Silver
C00418,Individual,Bristol,2024-10-06,Platinum
C00419,Business,Manchester,2021-12-21,Platinum
C00420,Individual,Manchester,2020-03-12,Platinum
C00421,Business,London,2024-12-17,Silver
C00422,Business,Bristol,2020-09-30,Platinum
C00423,Business,London,2023-09-05,Silver
C00424,Individual,Birmingham,2020-12-03,Bronze
C00425,Individual,Bristol,2023-10-21,Silver
C00426,Individual,Birmingham,2024-02-27,Silver
C00427,Business,London,2021-08-29,Gold
C00428,Business,Bristol,2020-06-14,Gold
C00429,Business,Bristol,2024-04-16,Platinum
C00430,Individual,Birmingham,2020-01-11,Gold
C00431,Business,Bristol,2023-08-17,Silver
C00432,Individual,Bristol,2021-12-29,Bronze
C00433,Individual,Birmingham,2022-03-11,Bronze
C00434,Individual,Birmingham,2020-04-11,Bronze
C00435,Individual,Birmingham,2023-12-19,Silver
C00436,Business,Leeds,2023-11-16,Silver
C00437,Business,Leeds,2022-02-17,Silver
C00438,Business,Glasgow,2020-08-01,Silver
C00439,Individual,Leeds,2024-09-10,Gold
C00440,Individual,Manchester,2023-01-16,Gold
C00441,Business,Bristol,2024-04-25,Bronze
C00442,Individual,London,2021-02-04,Platinum
C00443,Individual,Manchester,2021-08-10,Platinum
C00444,Business,Leeds,2022-06-07,Platinum
C00445,Business,Glasgow,2022-12-05,Platinum
C00446,Business,Manchester,2024-08-22,Bronze
C00447,Individual,Manchester,2024-01-26,Gold
C00448,Individual,Birmingham,2021-08-14,Silver
C00449,Individual,Manchester,2023-08-26,Platinum
C00450,Business,Bristol,2023-01-14,Bronze
C00451,Individual,Birmingham,2020-04-01,Gold
C00452,Individual,Glasgow,2024-08-10,Platinum
C00453,Individual,Leeds,2021-11-03,Bronze
C00454,Individual,Birmingham,2021-12-14,Bronze
C00455,Business,Birmingham,2022-07-24,Gold
C00456,Individual,Leeds,2025-05-05,Bronze
C00457,Individual,Manchester,2020-08-29,Gold
C00458,Business,Manchester,2025-03-03,Silver
C00459,Individual,Manchester,2020-01-02,Bronze
C00460,Individual,Bristol,2020-08-12,Gold
C00461,Individual,Birmingham,2022-03-11,Gold
C00462,Individual,Bristol,2024-11-03,Gold
C00463,Individual,Manchester,2025-06-19,Platinum
C00464,Individual,Birmingham,2025-05-03,Silver
C00465,Individual,Manchester,2025-05-06,Silver
C00466,Individual,Manchester,2021-08-11,Platinum
C00467,Business,Manchester,2020-04-25,Gold
C00468,Business,Leeds,2024-08-16,Platinum
C00469,Individual,Glasgow,2022-07-06,Bronze
C00470,Business,Bristol,2023-01-31,Gold
C00471,Individual,Leeds,2020-07-12,Platinum
C00472,Individual,Bristol,2023-04-04,Bronze
C00473,Individual,Glasgow,2022-05-20,Platinum
C00474,Individual,London,2020-03-30,Platinum
C00475,Individual,Leeds,2024-09-05,Silver
C00476,Business,Birmingham,2020-05-01,Gold
C00477,Individual,Birmingham,2020-05-22,Silver
C00478,Business,Birmingham,2022-09-20,Bronze
C00479,Individual,London,2020-04-15,Platinum
C00480,Individual,London,2022-06-05,Silver
C00481,Business,Leeds,2021-03-03,Bronze
C00482,Business,Manchester,2023-08-21,Silver
C00483,Individual,Manchester,2025-03-10,Gold
C00484,Individual,Glasgow,2025-06-17,Gold
C00485,Individual,London,2020-11-12,Gold
C00486,Individual,London,2025-06-09,Platinum
C00487,Individual,Glasgow,2021-09-26,Silver
C00488,Business,Glasgow,2025-04-09,Bronze
C00489,Individual,London,2020-01-09,Silver
C00490,Business,London,2022-02-12,Silver
C00491,Individual,Bristol,2023-01-01,Platinum
C00492,Individual,London,2023-10-14,Gold
C00493,Individual,Leeds,2020-08-10,Silver
C00494,Business,London,2023-12-10,Silver
C00495,Business,London,2021-07-06,Bronze
C00496,Individual,Birmingham,2023-10-25,Gold
C00497,Individual,Manchester,2021-12-16,Platinum
C00498,Individual,Glasgow,2023-07-11,Silver
C00499,Individual,Bristol,2025-02-06,Bronze
C00500,Individual,Leeds,2024-09-09,Gold
C00501,Individual,Glasgow,2025-02-26,Silver
C00502,Business,Bristol,2023-09-03,Platinum
C00503,Individual,London,2023-01-12,Bronze
C00504,Individual,London,2023-09-03,Platinum
C00505,Individual,Leeds,2020-04-20,Gold
C00506,Individual,Manchester,2020-09-07,Gold
C00507,Individual,Manchester,2021-01-17,Gold
C00508,Individual,Glasgow,2020-01-07,Gold
C00509,Individual,Bristol,2021-04-03,Silver
C00510,Business,Birmingham,2023-01-12,Bronze
C00511,Individual,Leeds,2020-07-26,Platinum
C00512,Individual,Manchester,2022-06-18,Platinum
C00513,Individual,Bristol,2023-11-14,Bronze
C00514,Individual,Birmingham,2023-08-30,Silver
C00515,Business,Bristol,2020-01-22,Platinum
C00516,Individual,Bristol,2021-02-13,Silver
C00517,Business,London,2022-06-13,Bronze
C00518,Individual,London,2021-05-29,Gold
C00519,Individual,London,2023-02-24,Bronze
C00520,Business,Bristol,2022-03-19,Gold
C00521,Business,Leeds,2024-09-19,Platinum
C00522,Individual,Glasgow,2022-05-23,Silver
C00523,Individual,London,2020-01-14,Gold
C00524,Individual,Bristol,2022-08-28,Silver
C00525,Individual,Bristol,2022-09-04,Gold
C00526,Business,Bristol,2022-10-10,Bronze
C00527,Individual,Glasgow,2022-11-01,Platinum
C00528,Individual,London,2020-03-27,Silver
C00529,Individual,Leeds,2024-03-27,Bronze
C00530,Business,Bristol,2022-06-27,Bronze
C00531,Individual,Glasgow,2024-04-09,Silver
C00532,Individual,London,2023-08-17,Silver
C00533,Individual,Manchester,2023-06-20,Platinum
C00534,Individual,Bristol,2020-05-01,Gold
C00535,Individual,Birmingham,2023-03-16,Silver
C00536,Individual,Glasgow,2024-05-09,Bronze
C00537,Individual,Birmingham,2022-01-19,Platinum
C00538,Individual,Bristol,2023-10-11,Bronze
C00539,Individual,Glasgow,2021-11-15,Bronze
C00540,Business,Leeds,2025-04-11,Gold
C00541,Individual,Leeds,2024-10-22,Silver
C00542,Individual,Manchester,2024-07-12,Gold
C00543,Individual,Bristol,2020-11-04,Bronze
C00544,Individual,Glasgow,2021-11-25,Bronze
C00545,Individual,London,2020-10-14,Silver
C00546,Individual,Leeds,2020-11-02,Gold
C00547,Business,Manchester,2025-01-09,Silver
C00548,Individual,Bristol,2024-06-05,Platinum
C00549,Individual,Birmingham,2025-06-12,Silver
C00550,Business,Glasgow,2022-07-02,Gold
C00551,Individual,London,2024-10-12,Gold
C00552,Individual,Bristol,2021-10-23,Bronze
C00553,Individual,Manchester,2021-07-02,Bronze
C00554,Business,London,2023-10-07,Platinum
C00555,Individual,Birmingham,2020-11-07,Gold
C00556,Individual,Bristol,2022-05-22,Platinum
C00557,Individual,Birmingham,2022-12-18,Silver
C00558,Individual,Bristol,2024-07-24,Gold
C00559,Individual,Leeds,2022-07-12,Gold
C00560,Business,Manchester,2024-10-03,Silver
C00561,Individual,London,2022-01-24,Platinum
C00562,Individual,Manchester,2020-02-04,Gold
C00563,Individual,Birmingham,2021-03-20,Bronze
C00564,Business,Glasgow,2020-04-02,Gold
C00565,Individual,Manchester,2025-05-27,Silver
C00566,Business,Leeds,2025-06-05,Bronze
C00567,Individual,Glasgow,2023-05-15,Gold
C00568,Individual,London,2020-12-18,Silver
C00569,Business,Glasgow,2022-06-21,Gold
C00570,Business,Glasgow,2023-09-17,Bronze
C00571,Individual,Bristol,2025-01-14,Silver
C00572,Business,London,2022-05-11,Bronze
C00573,Business,Glasgow,2024-10-14,Silver
C00574,Individual,Birmingham,2020-06-07,Gold
C00575,Individual,Leeds,2025-05-31,Gold
C00576,Individual,Leeds,2022-08-14,Gold
C00577,Individual,London,2020-01-24,Silver
C00578,Individual,Bristol,2021-02-07,Bronze
C00579,Individual,London,2022-03-15,Silver
C00580,Business,Leeds,2021-05-30,Gold
C00581,Business,London,2022-01-01,Gold
C00582,Individual,Leeds,2023-10-19,Gold
C00583,Business,Birmingham,2023-11-06,Bronze
C00584,Individual,Manchester,2021-06-15,Gold
C00585,Individual,Manchester,2022-08-13,Gold
C00586,Individual,London,2020-05-31,Silver
C00587,Individual,Leeds,2024-05-04,Bronze
C00588,Individual,Birmingham,2024-09-08,Silver
C00589,Individual,Leeds,2022-08-04,Platinum
C00590,Individual,London,2021-08-30,Platinum
C00591,Individual,Manchester,2024-06-28,Bronze
C00592,Individual,London,2021-02-23,Silver
C00593,Individual,Manchester,2023-06-27,Platinum
C00594,Individual,Glasgow,2023-02-14,Bronze
C00595,Individual,London,2022-05-15,Bronze
C00596,Individual,Manchester,2024-03-15,Platinum
C00597,Individual,London,2024-10-29,Gold
C00598,Individual,London,2021-07-31,Platinum
C00599,Individual,Manchester,2020-11-30,Platinum
C00600,Business,Leeds,2023-12-12,Bronze
C00601,Business,Glasgow,2022-07-20,Platinum
C00602,Individual,Birmingham,2024-12-02,Silver
C00603,Individual,Birmingham,2020-10-21,Gold
C00604,Business,Manchester,2025-05-15,Bronze
C00605,Individual,Glasgow,2022-01-24,Gold
C00606,Business,Leeds,2023-10-26,Platinum
C00607,Individual,London,2020-07-04,Gold
C00608,Business,Manchester,2023-06-23,Platinum
C00609,Individual,Glasgow,2021-09-28,Silver
C00610,Individual,Leeds,2023-07-15,Gold
C00611,Business,Bristol,2024-07-24,Platinum
C00612,Individual,Bristol,2023-06-14,Gold
C00613,Business,Birmingham,2021-06-13,Silver
C00614,Individual,Birmingham,2024-04-24,Silver
C00615,Individual,Birmingham,2020-01-21,Bronze
C00616,Business,Bristol,2022-06-29,Gold
C00617,Individual,Manchester,2024-10-26,Bronze
C00618,Individual,Glasgow,2022-05-16,Silver
C00619,Individual,Bristol,2022-03-04,Bronze
C00620,Individual,Bristol,2024-03-23,Platinum
C00621,Individual,Manchester,2020-04-09,Silver
C00622,Individual,Bristol,2022-01-21,Gold
C00623,Individual,Bristol,2021-04-22,Bronze
C00624,Individual,Bristol,2024-06-10,Silver
C00625,Individual,Leeds,2023-08-14,Gold
C00626,Individual,Leeds,2022-07-28,Bronze
C00627,Individual,London,2021-06-09,Silver
C00628,Individual,London,2020-11-29,Platinum
C00629,Individual,Birmingham,2020-01-02,Silver
C00630,Individual,Birmingham,2021-01-09,Silver
C00631,Individual,London,2020-10-19,Bronze
C00632,Individual,Bristol,2022-04-16,Silver
C00633,Individual,Bristol,2025-05-11,Gold
C00634,Individual,Birmingham,2022-10-01,Platinum
C00635,Individual,Birmingham,2021-07-06,Gold
C00636,Individual,Manchester,2020-11-13,Silver
C00637,Business,Glasgow,2024-03-05,Platinum
C00638,Individual,Manchester,2025-01-25,Gold
C00639,Individual,Glasgow,2021-01-15,Silver
C00640,Business,Birmingham,2024-07-04,Gold
C00641,Individual,Manchester,2020-01-14,Bronze
C00642,Business,Bristol,2021-05-18,Bronze
C00643,Individual,Bristol,2020-08-18,Gold
C00644,Individual,Glasgow,2023-01-12,Bronze
C00645,Business,Manchester,2020-05-09,Gold
C00646,Individual,Manchester,2024-11-01,Gold
C00647,Individual,Manchester,2022-04-17,Bronze
C00648,Individual,Leeds,2023-03-14,Bronze
C00649,Individual,Manchester,2022-06-09,Silver
C00650,Individual,Birmingham,2025-02-23,Gold
C00651,Individual,Glasgow,2020-01-28,Bronze
C00652,Individual,Leeds,2020-03-06,Platinum
C00653,Business,Manchester,2023-04-01,Platinum
C00654,Business,Leeds,2023-06-06,Gold
C00655,Business,London,2020-09-17,Platinum
C00656,Individual,Manchester,2024-01-12,Platinum
C00657,Individual,London,2023-12-18,Gold
C00658,Individual,Birmingham,2021-04-04,Gold
C00659,Individual,London,2025-05-29,Gold
C00660,Individual,Leeds,2024-08-26,Silver
C00661,Individual,Bristol,2020-10-27,Bronze
C00662,Individual,Bristol,2022-07-07,Platinum
C00663,Individual,Leeds,2023-08-19,Silver
C00664,Business,Manchester,2020-10-13,Bronze
C00665,Individual,Birmingham,2023-11-19,Silver
C00666,Individual,Leeds,2022-10-30,Gold
C00667,Individual,Birmingham,2024-09-26,Silver
C00668,Individual,London,2021-09-21,Platinum
C00669,Business,Manchester,2020-09-26,Bronze
C00670,Individual,London,2021-08-14,Platinum
C00671,Individual,Birmingham,2025-06-16,Platinum
C00672,Individual,London,2024-06-16,Bronze
C00673,Individual,Manchester,2024-12-06,Gold
C00674,Individual,Leeds,2022-04-23,Bronze
C00675,Individual,Leeds,2022-05-11,Platinum
C00676,Business,Glasgow,2023-10-16,Gold
C00677,Individual,Glasgow,2023-07-04,Platinum
C00678,Individual,Birmingham,2020-05-12,Platinum
C00679,Individual,Manchester,2023-07-23,Platinum
C00680,Individual,Birmingham,2024-12-04,Platinum
C00681,Business,Birmingham,2024-09-02,Silver
C00682,Individual,Bristol,2022-08-29,Bronze
C00683,Individual,Glasgow,2021-05-27,Bronze
C00684,Individual,Glasgow,2020-11-08,Gold
C00685,Business,Bristol,2021-07-29,Silver
C00686,Individual,Leeds,2022-06-04,Platinum
C00687,Business,Bristol,2023-07-31,Silver
C00688,Business,Birmingham,2023-02-18,Bronze
C00689,Business,Glasgow,2023-02-04,Bronze
C00690,Individual,London,2025-05-10,Platinum
C00691,Individual,Manchester,2021-11-17,Silver
C00692,Individual,Manchester,2023-05-12,Bronze
C00693,Business,London,2020-06-13,Platinum
C00694,Individual,Glasgow,2020-10-31,Silver
C00695,Individual,Birmingham,2024-02-29,Bronze
C00696,Individual,Leeds,2024-07-13,Platinum
C00697,Individual,Birmingham,2024-04-28,Platinum
C00698,Individual,Glasgow,2025-01-21,Platinum
C00699,Individual,Leeds,2020-06-04,Silver
C00700,Individual,Bristol,2023-10-22,Bronze
C00701,Individual,Bristol,2024-10-08,Bronze
C00702,Individual,Bristol,2025-04-09,Gold
C00703,Business,Birmingham,2021-09-11,Platinum
C00704,Business,Bristol,2023-06-28,Platinum
C00705,Individual,Manchester,2022-08-14,Gold
C00706,Business,Manchester,2025-04-23,Platinum
C00707,Individual,Leeds,2025-03-20,Gold
C00708,Individual,London,2020-11-29,Platinum
C00709,Individual,Birmingham,2024-07-23,Bronze
C00710,Individual,Birmingham,2022-08-26,Gold
C00711,Individual,Leeds,2021-05-25,Bronze
C00712,Individual,Manchester,2023-08-09,Gold
C00713,Business,Birmingham,2022-11-09,Gold
C00714,Business,Bristol,2020-10-08,Bronze
C00715,Individual,Leeds,2022-03-07,Silver
C00716,Business,Glasgow,2022-10-21,Platinum
C00717,Individual,London,2020-04-28,Silver
C00718,Individual,Birmingham,2022-11-24,Platinum
C00719,Individual,Bristol,2020-07-16,Bronze
C00720,Individual,Manchester,2021-04-29,Silver
C00721,Individual,Manchester,2024-11-15,Bronze
C00722,Business,London,2022-12-18,Gold
C00723,Individual,Birmingham,2022-04-16,Gold
C00724,Business,Bristol,2023-03-30,Platinum
C00725,Individual,Glasgow,2022-10-05,Bronze
C00726,Individual,Birmingham,2021-11-21,Platinum
C00727,Business,Manchester,2023-05-14,Platinum
C00728,Individual,Birmingham,2022-11-01,Silver
C00729,Individual,Glasgow,2021-05-04,Bronze
C00730,Individual,London,2020-10-02,Platinum
C00731,Individual,Manchester,2021-11-23,Silver
C00732,Individual,Glasgow,2020-08-29,Silver
C00733,Individual,Birmingham,2023-05-24,Platinum
C00734,Individual,Glasgow,2023-06-28,Bronze
C00735,Business,Manchester,2025-01-08,Silver
C00736,Individual,Manchester,2020-05-05,Gold
C00737,Individual,Glasgow,2020-08-04,Gold
C00738,Business,Leeds,2023-08-22,Gold
C00739,Business,Birmingham,2024-12-25,Silver
C00740,Business,Birmingham,2023-04-23,Platinum
C00741,Individual,London,2022-11-28,Gold
C00742,Individual,Birmingham,2023-05-31,Bronze
C00743,Business,London,2023-04-22,Gold
C00744,Individual,Glasgow,2021-05-09,Gold
C00745,Individual,Birmingham,2021-03-02,Gold
C00746,Individual,Manchester,2023-04-16,Silver
C00747,Individual,Bristol,2022-07-07,Platinum
C00748,Individual,Glasgow,2023-12-22,Silver
C00749,Individual,Glasgow,2023-08-10,Platinum
C00750,Individual,Birmingham,2025-02-18,Platinum
C00751,Business,Leeds,2020-05-30,Bronze
C00752,Individual,Birmingham,2021-01-18,Silver
C00753,Business,Glasgow,2024-07-19,Gold
C00754,Individual,Manchester,2025-01-10,Silver
C00755,Individual,London,2020-11-03,Platinum
C00756,Individual,Glasgow,2023-09-21,Gold
C00757,Individual,Glasgow,2025-05-23,Gold
C00758,Individual,Manchester,2022-01-15,Gold
C00759,Individual,Glasgow,2022-06-10,Gold
C00760,Business,Birmingham,2021-01-09,Gold
C00761,Individual,Bristol,2022-10-28,Gold
C00762,Business,London,2023-09-26,Platinum
C00763,Individual,Glasgow,2020-05-08,Bronze
C00764,Business,Manchester,2022-10-11,Bronze
C00765,Business,Bristol,2024-12-04,Gold
C00766,Business,London,2021-10-30,Silver
C00767,Individual,Manchester,2023-10-07,Gold
C00768,Business,Bristol,2023-10-13,Platinum
C00769,Individual,Birmingham,2021-05-31,Silver
C00770,Individual,Leeds,2024-02-27,Gold
C00771,Individual,Birmingham,2020-03-26,Bronze
C00772,Individual,Leeds,2023-04-13,Gold
C00773,Individual,Manchester,2024-12-30,Silver
C00774,Business,London,2023-05-01,Silver
C00775,Business,Glasgow,2020-11-06,Platinum
C00776,Business,Leeds,2023-02-16,Platinum
C00777,Business,London,2023-05-26,Bronze
C00778,Individual,Glasgow,2021-03-02,Gold
C00779,Individual,Birmingham,2025-06-16,Silver
C00780,Individual,Glasgow,2023-12-08,Bronze
C00781,Individual,Manchester,2020-04-23,Gold
C00782,Individual,Manchester,2023-03-14,Bronze
C00783,Business,Bristol,2024-04-10,Gold
C00784,Individual,London,2024-07-29,Bronze
C00785,Individual,Birmingham,2020-10-29,Platinum
C00786,Individual,Leeds,2022-01-13,Silver
C00787,Individual,Leeds,2025-03-19,Gold
C00788,Individual,Manchester,2021-08-10,Platinum
C00789,Individual,Manchester,2022-09-13,Silver
C00790,Individual,Manchester,2025-02-06,Bronze
C00791,Individual,London,2020-12-10,Gold
C00792,Individual,Leeds,2022-03-24,Gold
C00793,Individual,Bristol,2025-06-10,Bronze
C00794,Individual,Glasgow,2022-03-11,Bronze
C00795,Individual,Glasgow,2022-10-21,Bronze
C00796,Business,Leeds,2023-03-16,Platinum
C00797,Individual,Bristol,2023-08-03,Gold
C00798,Business,Glasgow,2025-06-22,Silver
C00799,Individual,Glasgow,2024-08-04,Bronze
C00800,Individual,Leeds,2022-12-12,Bronze
C00801,Individual,Bristol,2023-08-20,Silver
C00802,Business,London,2022-12-28,Bronze
C00803,Individual,London,2020-12-26,Bronze
C00804,Business,Manchester,2024-06-13,Silver
C00805,Individual,Bristol,2025-06-04,Silver
C00806,Individual,Glasgow,2023-05-28,Platinum
C00807,Individual,Manchester,2025-06-08,Bronze
C00808,Business,Manchester,2022-10-06,Platinum
C00809,Individual,Manchester,2021-12-04,Bronze
C00810,Individual,Glasgow,2025-06-12,Bronze
C00811,Individual,Bristol,2021-07-28,Platinum
C00812,Individual,London,2024-05-27,Bronze
C00813,Individual,Birmingham,2023-03-30,Silver
C00814,Business,Birmingham,2024-08-31,Gold
C00815,Business,London,2023-01-17,Bronze
C00816,Individual,London,2021-11-18,Gold
C00817,Individual,Glasgow,2022-02-19,Gold
C00818,Business,Glasgow,2021-08-07,Bronze
C00819,Individual,London,2024-11-15,Bronze
C00820,Individual,Glasgow,2021-08-11,Silver
C00821,Individual,Birmingham,2023-03-28,Platinum
C00822,Individual,Glasgow,2021-05-03,Bronze
C00823,Individual,Birmingham,2022-08-28,Silver
C00824,Individual,Leeds,2023-09-09,Platinum
C00825,Business,Birmingham,2024-06-21,Platinum
C00826,Business,Leeds,2023-11-05,Silver
C00827,Individual,Manchester,2023-01-30,Bronze
C00828,Individual,London,2021-05-08,Platinum
C00829,Business,Bristol,2024-07-25,Platinum
C00830,Individual,Bristol,2024-06-25,Platinum
C00831,Individual,Bristol,2020-01-19,Bronze
C00832,Individual,Leeds,2024-01-17,Platinum
C00833,Individual,Leeds,2024-02-14,Platinum
C00834,Individual,London,2024-06-05,Gold
C00835,Individual,London,2021-01-31,Silver
C00836,Individual,Bristol,2022-09-27,Bronze
C00837,Business,Glasgow,2023-07-26,Silver
C00838,Business,Birmingham,2022-04-30,Platinum
C00839,Individual,Bristol,2023-10-20,Bronze
C00840,Individual,Glasgow,2023-09-16,Silver
C00841,Business,Leeds,2024-07-22,Silver
C00842,Individual,Leeds,2023-09-29,Gold
C00843,Individual,Birmingham,2022-04-01,Gold
C00844,Individual,Bristol,2021-03-30,Silver
C00845,Business,Leeds,2024-06-12,Silver
C00846,Individual,Leeds,2021-12-25,Platinum
C00847,Business,London,2024-08-05,Platinum
C00848,Business,Birmingham,2022-12-24,Bronze
C00849,Business,Glasgow,2023-01-04,Bronze
C00850,Individual,Leeds,2021-12-11,Platinum
C00851,Individual,Bristol,2020-05-22,Bronze
C00852,Individual,Bristol,2022-07-05,Gold
C00853,Individual,Glasgow,2025-04-22,Platinum
C00854,Individual,Birmingham,2022-04-07,Bronze
C00855,Individual,Leeds,2021-08-27,Gold
C00856,Business,Glasgow,2024-02-05,Gold
C00857,Business,London,2023-12-11,Bronze
C00858,Individual,London,2020-10-31,Gold
C00859,Individual,Glasgow,2022-01-05,Gold
C00860,Individual,Glasgow,2024-02-29,Bronze
C00861,Individual,Manchester,2020-10-17,Platinum
C00862,Individual,Glasgow,2025-05-17,Platinum
C00863,Individual,Birmingham,2020-04-11,Silver
C00864,Individual,London,2023-07-14,Platinum
C00865,Individual,Leeds,2022-05-16,Silver
C00866,Individual,London,2022-08-25,Platinum
C00867,Individual,Glasgow,2024-07-03,Bronze
C00868,Business,Leeds,2022-08-31,Silver
C00869,Business,London,2022-04-21,Bronze
C00870,Business,Bristol,2022-08-19,Platinum
C00871,Individual,Glasgow,2022-07-30,Silver
C00872,Individual,London,2024-12-05,Platinum
C00873,Individual,Bristol,2022-10-23,Platinum
C00874,Business,Bristol,2020-03-25,Silver
C00875,Individual,Leeds,2024-12-22,Gold
C00876,Individual,Leeds,2020-11-23,Silver
C00877,Individual,Leeds,2022-03-26,Gold
C00878,Individual,Glasgow,2024-01-13,Silver
C00879,Individual,Manchester,2021-03-29,Gold
C00880,Individual,Glasgow,2025-05-01,Silver
C00881,Individual,Bristol,2021-09-20,Gold
C00882,Individual,Birmingham,2023-05-29,Platinum
C00883,Business,Glasgow,2023-03-23,Gold
C00884,Business,London,2021-10-26,Bronze
C00885,Individual,Leeds,2020-01-12,Silver
C00886,Individual,Glasgow,2023-03-02,Bronze
C00887,Individual,Birmingham,2020-10-30,Silver
C00888,Individual,Glasgow,2023-08-09,Gold
C00889,Individual,London,2022-09-01,Gold
C00890,Individual,Bristol,2023-08-16,Bronze
C00891,Individual,Leeds,2024-10-29,Bronze
C00892,Individual,Glasgow,2022-02-21,Platinum
C00893,Individual,Bristol,2020-02-12,Gold
C00894,Individual,Leeds,2022-08-01,Platinum
C00895,Business,Glasgow,2020-12-08,Gold
C00896,Individual,London,2023-09-11,Gold
C00897,Individual,Bristol,2025-01-11,Platinum
C00898,Individual,Glasgow,2021-05-12,Gold
C00899,Individual,Glasgow,2020-12-29,Silver
C00900,Individual,Leeds,2022-06-09,Silver
C00901,Individual,Manchester,2021-03-02,Silver
C00902,Individual,Leeds,2022-10-01,Bronze
C00903,Business,Birmingham,2020-01-21,Gold
C00904,Individual,Manchester,2021-02-10,Gold
C00905,Individual,Birmingham,2021-09-10,Platinum
C00906,Individual,London,2022-10-11,Silver
C00907,Individual,Bristol,2020-12-01,Bronze
C00908,Individual,Leeds,2025-01-12,Gold
C00909,Individual,Glasgow,2023-02-14,Gold
C00910,Individual,Manchester,2023-02-21,Bronze
C00911,Individual,Leeds,2021-02-02,Platinum
C00912,Individual,Birmingham,2022-03-03,Silver
C00913,Individual,Glasgow,2025-01-01,Gold
C00914,Individual,Birmingham,2021-12-15,Gold
C00915,Individual,Bristol,2020-02-20,Platinum
C00916,Individual,London,2024-12-11,Gold
C00917,Business,Manchester,2020-11-19,Silver
C00918,Individual,Glasgow,2022-02-27,Gold
C00919,Business,London,2020-05-20,Platinum
C00920,Individual,Bristol,2021-04-14,Gold
C00921,Individual,Bristol,2022-02-25,Gold
C00922,Business,Leeds,2024-12-30,Bronze
C00923,Individual,Glasgow,2023-09-19,Silver
C00924,Individual,Bristol,2025-03-31,Bronze
C00925,Individual,Manchester,2022-08-21,Bronze
C00926,Individual,Manchester,2022-10-04,Silver
C00927,Business,London,2021-01-07,Silver
C00928,Business,Glasgow,2024-05-06,Bronze
C00929,Individual,London,2021-05-08,Platinum
C00930,Individual,London,2024-04-11,Bronze
C00931,Individual,London,2024-08-19,Silver
C00932,Individual,Bristol,2022-01-20,Bronze
C00933,Individual,Birmingham,2023-03-25,Platinum
C00934,Business,Leeds,2020-10-17,Platinum
C00935,Business,Birmingham,2024-07-29,Bronze
C00936,Business,Glasgow,2023-03-13,Bronze
C00937,Individual,Glasgow,2020-04-15,Bronze
C00938,Individual,Glasgow,2023-12-14,Bronze
C00939,Individual,Bristol,2021-10-31,Bronze
C00940,Individual,Glasgow,2024-08-08,Gold
C00941,Individual,Birmingham,2020-01-02,Platinum
C00942,Business,Leeds,2025-05-22,Bronze
C00943,Business,Manchester,2021-08-11,Silver
C00944,Individual,Glasgow,2021-10-05,Platinum
C00945,Individual,Glasgow,2020-03-30,Silver
C00946,Individual,Glasgow,2023-09-30,Gold
C00947,Individual,Bristol,2020-12-15,Silver
C00948,Individual,London,2024-01-22,Bronze
C00949,Business,Bristol,2023-07-10,Bronze
C00950,Individual,Manchester,2023-10-06,Gold
C00951,Individual,Leeds,2023-02-05,Silver
C00952,Individual,Manchester,2024-05-28,Silver
C00953,Individual,Manchester,2022-11-28,Bronze
C00954,Individual,Glasgow,2022-06-27,Bronze
C00955,Business,Glasgow,2020-06-07,Bronze
C00956,Individual,Glasgow,2024-05-25,Bronze
C00957,Individual,London,2022-08-16,Silver
C00958,Business,Birmingham,2020-11-07,Gold
C00959,Individual,Glasgow,2023-06-18,Silver
C00960,Individual,Birmingham,2025-05-15,Bronze
C00961,Individual,Birmingham,2021-03-20,Platinum
C00962,Business,Birmingham,2020-10-24,Gold
C00963,Individual,Bristol,2022-08-09,Gold
C00964,Individual,Leeds,2020-02-05,Silver
C00965,Individual,Birmingham,2023-01-12,Silver
C00966,Individual,Glasgow,2024-01-15,Platinum
C00967,Individual,Birmingham,2025-03-24,Silver
C00968,Individual,Leeds,2024-12-03,Platinum
C00969,Business,Birmingham,2025-01-19,Gold
C00970,Business,Bristol,2023-11-09,Bronze
C00971,Individual,Glasgow,2023-04-10,Bronze
C00972,Individual,Manchester,2023-10-31,Silver
C00973,Individual,Glasgow,2024-09-04,Bronze
C00974,Individual,London,2023-10-17,Bronze
C00975,Business,Bristol,2021-07-12,Silver
C00976,Individual,Bristol,2022-06-09,Gold
C00977,Business,Glasgow,2020-05-20,Silver
C00978,Individual,Leeds,2022-06-05,Silver
C00979,Individual,Manchester,2025-04-25,Platinum
C00980,Individual,Leeds,2023-02-15,Gold
C00981,Individual,Glasgow,2023-07-24,Silver
C00982,Individual,Bristol,2021-12-26,Silver
C00983,Business,Manchester,2023-05-28,Silver
C00984,Individual,Glasgow,2025-04-12,Platinum
C00985,Individual,London,2022-11-15,Silver
C00986,Business,Manchester,2021-06-04,Bronze
C00987,Individual,Birmingham,2024-12-11,Silver
C00988,Individual,Glasgow,2020-01-10,Silver
C00989,Individual,Leeds,2022-09-10,Platinum
C00990,Business,London,2021-01-12,Bronze
C00991,Individual,London,2024-07-14,Gold
C00992,Individual,Bristol,2024-07-18,Silver
C00993,Business,Glasgow,2021-11-12,Platinum
C00994,Individual,Bristol,2021-08-06,Bronze
C00995,Individual,Leeds,2020-05-31,Silver
C00996,Business,Birmingham,2021-12-20,Gold
C00997,Business,Leeds,2022-12-08,Bronze
C00998,Individual,Leeds,2023-03-23,Silver
C00999,Individual,London,2022-05-08,Gold
C01000,Individual,Manchester,2023-08-09,Silver
C01001,Individual,Birmingham,2024-05-22,Bronze
C01002,Individual,Leeds,2020-02-19,Gold
C01003,Individual,Leeds,2021-10-25,Platinum
C01004,Business,Manchester,2021-06-14,Silver
C01005,Business,London,2024-06-23,Silver
C01006,Individual,Manchester,2022-12-19,Silver
C01007,Individual,Glasgow,2023-04-05,Bronze
C01008,Individual,London,2023-05-10,Silver
C01009,Individual,Manchester,2022-05-06,Platinum
C01010,Individual,Glasgow,2020-05-25,Gold
C01011,Individual,Manchester,2022-07-03,Platinum
C01012,Business,Leeds,2024-08-26,Silver
C01013,Individual,Leeds,2025-06-16,Silver
C01014,Individual,Bristol,2022-09-19,Gold
C01015,Individual,Glasgow,2024-01-02,Gold
C01016,Business,Bristol,2020-08-29,Bronze
C01017,Individual,Leeds,2021-08-03,Platinum
C01018,Individual,London,2021-11-17,Bronze
C01019,Individual,Bristol,2024-05-03,Platinum
C01020,Individual,Bristol,2021-04-27,Bronze
C01021,Individual,Leeds,2023-02-05,Bronze
C01022,Individual,London,2023-06-03,Platinum
C01023,Individual,Bristol,2021-11-03,Bronze
C01024,Business,Bristol,2021-09-22,Platinum
C01025,Individual,London,2021-10-22,Platinum
C01026,Individual,Leeds,2021-10-23,Platinum
C01027,Individual,Bristol,2023-12-26,Bronze
C01028,Business,Manchester,2022-03-15,Gold
C01029,Business,Manchester,2024-08-05,Bronze
C01030,Individual,Bristol,2021-02-22,Platinum
C01031,Individual,Manchester,2022-09-14,Bronze
C01032,Individual,Bristol,2024-01-18,Bronze
C01033,Individual,Leeds,2023-03-29,Silver
C01034,Individual,Leeds,2024-03-26,Gold
C01035,Individual,Manchester,2021-10-11,Platinum
C01036,Individual,Birmingham,2022-08-26,Platinum
C01037,Individual,Bristol,2021-08-12,Gold
C01038,Business,Manchester,2023-01-05,Platinum
C01039,Business,Manchester,2021-05-23,Gold
C01040,Business,Birmingham,2021-03-16,Gold
C01041,Individual,Glasgow,2023-07-01,Platinum
C01042,Individual,Glasgow,2022-07-09,Bronze
C01043,Individual,Leeds,2022-02-08,Silver
C01044,Individual,Manchester,2023-09-05,Platinum
C01045,Individual,Bristol,2024-12-31,Bronze
C01046,Individual,Leeds,2020-09-19,Bronze
C01047,Individual,Manchester,2024-06-08,Platinum
C01048,Business,London,2024-08-08,Bronze
C01049,Individual,Manchester,2025-02-01,Gold
C01050,Individual,Bristol,2024-04-26,Bronze
C01051,Business,Leeds,2023-10-29,Gold
C01052,Individual,Manchester,2021-09-28,Platinum
C01053,Business,London,2023-04-05,Silver
C01054,Individual,Manchester,2025-05-14,Bronze
C01055,Individual,Bristol,2024-11-11,Silver
C01056,Individual,Birmingham,2021-04-03,Silver
C01057,Individual,Manchester,2022-09-25,Bronze
C01058,Individual,Leeds,2023-07-27,Gold
C01059,Business,Leeds,2021-11-30,Silver
C01060,Individual,Glasgow,2020-10-28,Bronze
C01061,Individual,Bristol,2024-04-03,Gold
C01062,Individual,Birmingham,2024-05-22,Gold
C01063,Individual,Bristol,2023-05-26,Silver
C01064,Business,Leeds,2023-01-30,Bronze
C01065,Individual,Manchester,2021-07-07,Platinum
C01066,Individual,Bristol,2020-10-14,Bronze
C01067,Individual,Birmingham,2023-04-05,Bronze
C01068,Individual,Bristol,2021-09-12,Gold
C01069,Business,Leeds,2022-10-02,Platinum
C01070,Individual,Birmingham,2020-02-05,Platinum
C01071,Business,Bristol,2022-01-13,Bronze
C01072,Business,London,2024-10-30,Gold
C01073,Individual,Leeds,2020-12-18,Silver
C01074,Individual,Birmingham,2024-08-26,Platinum
C01075,Individual,Bristol,2025-04-06,Bronze
C01076,Individual,Manchester,2020-03-13,Gold
C01077,Individual,Leeds,2021-10-09,Gold
C01078,Individual,Bristol,2023-10-08,Silver
C01079,Business,Birmingham,2025-03-29,Gold
C01080,Individual,Bristol,2022-12-29,Gold
C01081,Individual,Glasgow,2021-02-28,Silver
C01082,Business,Glasgow,2022-09-25,Silver
C01083,Individual,Glasgow,2021-12-08,Silver
C01084,Individual,Manchester,2024-12-09,Silver
C01085,Individual,Manchester,2021-07-14,Gold
C01086,Individual,London,2022-04-07,Bronze
C01087,Individual,Glasgow,2024-07-23,Platinum
C01088,Individual,Bristol,2022-08-13,Bronze
C01089,Business,Birmingham,2021-05-31,Gold
C01090,Business,Bristol,2021-03-03,Gold
C01091,Business,Manchester,2024-04-11,Gold
C01092,Business,Manchester,2020-06-08,Silver
C01093,Individual,Bristol,2020-05-28,Platinum
C01094,Business,Bristol,2022-02-14,Bronze
C01095,Individual,Leeds,2023-06-07,Silver
C01096,Business,London,2024-10-01,Platinum
C01097,Individual,Glasgow,2024-05-04,Bronze
C01098,Individual,Glasgow,2020-03-07,Silver
C01099,Business,Bristol,2022-10-10,Bronze
C01100,Individual,Birmingham,2025-01-09,Gold
C01101,Individual,Bristol,2021-01-15,Gold
C01102,Individual,Birmingham,2020-02-27,Platinum
C01103,Individual,Birmingham,2023-07-06,Silver
C01104,Business,Leeds,2020-12-07,Silver
C01105,Business,Glasgow,2025-02-04,Gold
C01106,Individual,Leeds,2023-02-27,Gold
C01107,Business,Manchester,2021-12-27,Silver
C01108,Individual,London,2023-04-10,Gold
C01109,Individual,Bristol,2022-02-08,Platinum
C01110,Business,Manchester,2021-09-05,Silver
C01111,Individual,Leeds,2023-05-17,Bronze
C01112,Individual,Leeds,2024-12-31,Platinum
C01113,Individual,Glasgow,2020-12-19,Gold
C01114,Business,Birmingham,2024-02-03,Gold
C01115,Individual,Leeds,2024-12-26,Bronze
C01116,Individual,London,2020-04-25,Silver
C01117,Individual,Leeds,2023-07-11,Bronze
C01118,Business,Glasgow,2021-10-23,Gold
C01119,Individual,Birmingham,2025-01-09,Gold
C01120,Individual,Birmingham,2024-01-05,Bronze
C01121,Business,London,2024-04-20,Gold
C01122,Individual,Bristol,2021-03-28,Silver
C01123,Individual,Birmingham,2025-02-11,Gold
C01124,Business,Glasgow,2024-02-09,Platinum
C01125,Individual,Leeds,2020-10-13,Gold
C01126,Business,Glasgow,2023-08-19,Silver
C01127,Individual,Glasgow,2022-10-13,Gold
C01128,Business,Glasgow,2020-11-06,Platinum
C01129,Individual,London,2020-07-26,Silver
C01130,Individual,Manchester,2021-09-09,Gold
C01131,Individual,Glasgow,2021-03-21,Gold
C01132,Individual,Bristol,2021-10-31,Platinum
C01133,Individual,Leeds,2021-09-24,Gold
C01134,Business,Leeds,2020-02-24,Silver
C01135,Individual,London,2022-06-30,Silver
C01136,Individual,Glasgow,2022-11-01,Gold
C01137,Individual,Manchester,2021-10-18,Silver
C01138,Business,London,2023-11-24,Bronze
C01139,Individual,Leeds,2025-04-15,Bronze
C01140,Individual,Leeds,2024-07-29,Bronze
C01141,Individual,Birmingham,2022-09-06,Silver
C01142,Individual,Glasgow,2021-05-29,Platinum
C01143,Individual,Manchester,2024-08-06,Silver
C01144,Individual,Leeds,2024-04-14,Silver
C01145,Individual,Bristol,2020-08-24,Silver
C01146,Individual,London,2023-07-26,Gold
C01147,Individual,Leeds,2020-12-13,Platinum
C01148,Individual,Bristol,2021-09-18,Platinum
C01149,Individual,Glasgow,2023-02-01,Silver
C01150,Business,Glasgow,2021-09-21,Platinum
C01151,Individual,Birmingham,2024-03-20,Platinum
C01152,Individual,London,2025-03-10,Platinum
C01153,Individual,Birmingham,2023-06-25,Platinum
C01154,Individual,Manchester,2020-12-29,Gold
C01155,Individual,London,2020-11-16,Silver
C01156,Individual,Birmingham,2024-07-14,Platinum
C01157,Individual,Glasgow,2020-10-12,Platinum
C01158,Business,Birmingham,2020-05-28,Bronze
C01159,Business,Birmingham,2023-01-12,Silver
C01160,Individual,Bristol,2025-06-12,Gold
C01161,Individual,Leeds,2021-02-09,Platinum
C01162,Business,Manchester,2022-09-04,Silver
C01163,Business,Leeds,2021-03-31,Silver
C01164,Individual,London,2024-11-01,Platinum
C01165,Individual,Bristol,2022-03-10,Gold
C01166,Individual,Glasgow,2023-03-30,Gold
C01167,Business,Manchester,2022-10-09,Bronze
C01168,Individual,Manchester,2022-02-22,Gold
C01169,Individual,Glasgow,2021-04-04,Platinum
C01170,Business,Birmingham,2024-04-22,Platinum
C01171,Individual,Birmingham,2024-03-03,Bronze
C01172,Individual,London,2022-01-07,Bronze
C01173,Individual,London,2021-05-23,Gold
C01174,Individual,Manchester,2024-08-04,Platinum
C01175,Individual,Manchester,2025-01-01,Bronze
C01176,Individual,London,2021-04-25,Platinum
C01177,Individual,Birmingham,2024-08-13,Platinum
C01178,Individual,Leeds,2020-04-23,Gold
C01179,Business,Glasgow,2022-01-18,Bronze
C01180,Individual,London,2024-05-20,Silver
C01181,Individual,Birmingham,2020-12-26,Platinum
C01182,Individual,Bristol,2020-12-06,Platinum
C01183,Individual,Manchester,2022-02-08,Gold
C01184,Business,London,2022-01-30,Bronze
C01185,Individual,Leeds,2022-08-26,Platinum
C01186,Individual,Glasgow,2021-03-24,Bronze
C01187,Individual,Leeds,2025-02-09,Bronze
C01188,Individual,Leeds,2022-04-14,Platinum
C01189,Individual,Birmingham,2023-04-18,Silver
C01190,Individual,Glasgow,2024-09-21,Bronze
C01191,Individual,Leeds,2023-12-01,Gold
C01192,Individual,Birmingham,2024-08-16,Bronze
C01193,Individual,London,2023-05-04,Silver
C01194,Business,Birmingham,2024-01-29,Bronze
C01195,Individual,Birmingham,2020-11-06,Bronze
C01196,Business,Manchester,2020-09-18,Bronze
C01197,Individual,Bristol,2023-12-13,Platinum
C01198,Individual,Birmingham,2021-02-09,Bronze
C01199,Individual,Manchester,2025-05-16,Platinum
C01200,Individual,Glasgow,2020-05-22,Gold
C01201,Individual,London,2020-12-07,Gold
C01202,Individual,Glasgow,2023-09-01,Bronze
C01203,Individual,Leeds,2023-01-29,Silver
C01204,Individual,Bristol,2020-08-31,Gold
C01205,Business,Glasgow,2021-05-04,Silver
C01206,Individual,Glasgow,2020-01-12,Platinum
C01207,Individual,Glasgow,2023-06-16,Silver
C01208,Individual,London,2021-07-14,Platinum
C01209,Business,Bristol,2020-02-11,Gold
C01210,Business,Manchester,2021-11-08,Silver
C01211,Individual,Birmingham,2021-08-16,Platinum
C01212,Individual,Bristol,2023-12-23,Silver
C01213,Individual,Bristol,2024-12-31,Silver
C01214,Business,Birmingham,2023-03-27,Gold
C01215,Individual,Leeds,2023-05-24,Bronze
C01216,Business,Glasgow,2024-08-20,Silver
C01217,Individual,Bristol,2024-01-25,Gold
C01218,Individual,Birmingham,2020-05-13,Bronze
C01219,Business,Manchester,2022-12-26,Platinum
C01220,Individual,Bristol,2025-02-14,Gold
C01221,Individual,Leeds,2022-10-27,Gold
C01222,Individual,London,2022-08-05,Bronze
C01223,Individual,Manchester,2024-03-29,Silver
C01224,Individual,Manchester,2020-03-13,Bronze
C01225,Business,Manchester,2021-02-02,Bronze
C01226,Individual,Bristol,2023-11-29,Platinum
C01227,Business,Bristol,2024-08-25,Gold
C01228,Individual,Birmingham,2021-07-31,Silver
C01229,Individual,London,2022-05-08,Silver
C01230,Business,London,2020-05-09,Platinum
C01231,Individual,Birmingham,2022-07-19,Platinum
C01232,Individual,Glasgow,2024-01-29,Bronze
C01233,Individual,Bristol,2023-05-14,Bronze
C01234,Individual,Birmingham,2024-12-16,Bronze
C01235,Individual,Bristol,2024-11-26,Bronze
C01236,Individual,Glasgow,2020-09-22,Silver
C01237,Business,Manchester,2024-04-09,Silver
C01238,Individual,Bristol,2025-06-08,Silver
C01239,Business,Glasgow,2022-03-03,Bronze
C01240,Individual,Glasgow,2020-09-09,Platinum
C01241,Business,London,2022-04-01,Silver
C01242,Individual,Bristol,2023-08-05,Platinum
C01243,Individual,Glasgow,2020-06-12,Silver
C01244,Business,Birmingham,2020-04-04,Gold
C01245,Individual,Birmingham,2024-12-10,Platinum
C01246,Business,Glasgow,2022-04-12,Gold
C01247,Individual,Bristol,2023-02-07,Silver
C01248,Business,Bristol,2020-12-01,Gold
C01249,Individual,Leeds,2022-04-01,Platinum
C01250,Business,London,2020-08-25,Bronze
C01251,Individual,Bristol,2021-01-15,Bronze
C01252,Individual,Birmingham,2023-12-30,Bronze
C01253,Individual,Manchester,2022-06-17,Silver
C01254,Individual,London,2021-04-27,Gold
C01255,Individual,London,2025-05-14,Bronze
C01256,Business,Birmingham,2022-06-20,Silver
C01257,Individual,Birmingham,2022-11-14,Gold
C01258,Individual,Manchester,2024-08-03,Gold
C01259,Individual,London,2023-02-14,Platinum
C01260,Individual,Glasgow,2021-04-26,Bronze
C01261,Individual,Leeds,2023-11-16,Silver
C01262,Business,Glasgow,2022-07-05,Bronze
C01263,Individual,London,2022-09-20,Platinum
C01264,Individual,London,2022-08-21,Gold
C01265,Individual,Leeds,2021-06-20,Platinum
C01266,Individual,Manchester,2023-01-07,Bronze
C01267,Business,London,2024-05-22,Gold
C01268,Individual,Birmingham,2023-04-11,Silver
C01269,Individual,Bristol,2025-06-02,Silver
C01270,Individual,London,2022-11-01,Platinum
C01271,Business,Bristol,2024-12-28,Bronze
C01272,Individual,Leeds,2020-05-07,Gold
C01273,Business,Manchester,2024-06-19,Silver
C01274,Individual,London,2020-04-01,Platinum
C01275,Individual,Bristol,2024-08-03,Platinum
C01276,Individual,London,2021-06-26,Platinum
C01277,Business,Glasgow,2022-04-25,Silver
C01278,Individual,Leeds,2024-04-04,Silver
C01279,Business,Leeds,2024-08-08,Silver
C01280,Individual,Manchester,2022-09-15,Bronze
C01281,Individual,Leeds,2025-01-25,Gold
C01282,Individual,London,2021-03-22,Platinum
C01283,Business,Birmingham,2021-01-24,Gold
C01284,Individual,Birmingham,2021-11-02,Gold
C01285,Individual,Birmingham,2025-02-27,Silver
C01286,Individual,Bristol,2020-02-12,Platinum
C01287,Individual,Leeds,2020-09-10,Bronze
C01288,Individual,Manchester,2023-02-27,Gold
C01289,Individual,Glasgow,2022-12-19,Bronze
C01290,Individual,Glasgow,2021-10-24,Bronze
C01291,Individual,Bristol,2021-04-11,Silver
C01292,Individual,London,2020-10-13,Gold
C01293,Individual,Birmingham,2022-10-07,Platinum
C01294,Business,London,2024-03-20,Gold
C01295,Individual,Glasgow,2024-01-30,Silver
C01296,Individual,Bristol,2025-05-07,Gold
C01297,Business,Bristol,2022-02-16,Silver
C01298,Individual,Leeds,2020-12-10,Bronze
C01299,Individual,Manchester,2021-10-03,Bronze
C01300,Individual,Manchester,2021-01-16,Gold
C01301,Individual,Leeds,2024-12-07,Bronze
C01302,Individual,Leeds,2021-11-20,Gold
C01303,Individual,London,2023-06-30,Bronze
C01304,Individual,Glasgow,2025-05-04,Platinum
C01305,Individual,Leeds,2022-12-15,Bronze
C01306,Individual,Leeds,2024-01-26,Bronze
C01307,Individual,Manchester,2021-04-01,Platinum
C01308,Individual,London,2022-09-09,Silver
C01309,Individual,Birmingham,2020-03-23,Platinum
C01310,Business,Glasgow,2025-04-12,Silver
C01311,Individual,Birmingham,2023-01-27,Gold
C01312,Individual,Glasgow,2020-05-28,Gold
C01313,Individual,Bristol,2023-09-14,Gold
C01314,Individual,Glasgow,2023-03-25,Gold
C01315,Business,London,2020-07-08,Gold
C01316,Individual,Manchester,2024-02-26,Gold
C01317,Business,Glasgow,2022-06-01,Silver
C01318,Individual,Glasgow,2020-09-19,Platinum
C01319,Individual,Leeds,2023-01-08,Silver
C01320,Individual,Leeds,2021-02-03,Gold
C01321,Individual,Leeds,2022-02-02,Silver
C01322,Individual,Glasgow,2021-08-31,Silver
C01323,Individual,Manchester,2023-07-07,Gold
C01324,Individual,Leeds,2024-11-30,Silver
C01325,Individual,Birmingham,2024-06-26,Bronze
C01326,Individual,Manchester,2024-04-24,Gold
C01327,Individual,Glasgow,2022-02-23,Bronze
C01328,Individual,Leeds,2020-04-10,Platinum
C01329,Individual,Leeds,2023-10-14,Gold
C01330,Individual,Manchester,2023-11-04,Bronze
C01331,Individual,Manchester,2022-03-30,Bronze
C01332,Individual,Bristol,2023-05-29,Silver
C01333,Individual,Manchester,2022-03-30,Bronze
C01334,Individual,London,2021-02-23,Platinum
C01335,Individual,Bristol,2020-05-03,Platinum
C01336,Individual,Manchester,2021-02-25,Platinum
C01337,Business,Leeds,2023-06-08,Silver
C01338,Individual,Manchester,2024-09-09,Silver
C01339,Individual,Leeds,2022-12-22,Bronze
C01340,Individual,Leeds,2024-02-17,Silver
C01341,Individual,Manchester,2024-07-09,Bronze
C01342,Individual,Leeds,2024-09-22,Platinum
C01343,Individual,Leeds,2024-05-16,Silver
C01344,Business,Leeds,2022-02-06,Bronze
C01345,Business,Glasgow,2021-04-27,Gold
C01346,Business,Bristol,2021-06-02,Bronze
C01347,Individual,Leeds,2020-06-03,Platinum
C01348,Individual,Manchester,2020-04-01,Platinum
C01349,Individual,Bristol,2022-09-08,Platinum
C01350,Individual,Manchester,2024-03-29,Gold
C01351,Business,Leeds,2021-03-30,Gold
C01352,Individual,Leeds,2024-10-30,Silver
C01353,Business,Birmingham,2021-08-20,Bronze
C01354,Individual,Leeds,2024-07-26,Platinum
C01355,Individual,Glasgow,2021-05-24,Bronze
C01356,Individual,Bristol,2023-04-21,Silver
C01357,Business,Leeds,2021-01-20,Gold
C01358,Business,London,2024-05-16,Silver
C01359,Business,Bristol,2024-10-20,Silver
C01360,Business,London,2021-02-08,Gold
C01361,Individual,Glasgow,2020-09-02,Silver
C01362,Individual,London,2022-01-11,Bronze
C01363,Business,Glasgow,2024-06-02,Gold
C01364,Individual,Bristol,2021-10-22,Platinum
C01365,Individual,Leeds,2021-10-11,Platinum
C01366,Individual,Manchester,2024-02-03,Gold
C01367,Individual,Manchester,2025-01-23,Silver
C01368,Individual,Glasgow,2025-03-26,Bronze
C01369,Business,Birmingham,2023-12-17,Gold
C01370,Business,Birmingham,2022-06-19,Silver
C01371,Individual,Manchester,2020-03-05,Silver
C01372,Individual,Bristol,2022-11-02,Gold
C01373,Individual,Leeds,2020-07-31,Platinum
C01374,Business,Bristol,2020-08-29,Bronze
C01375,Business,Manchester,2021-05-07,Silver
C01376,Business,Leeds,2023-05-21,Platinum
C01377,Business,London,2024-09-12,Bronze
C01378,Individual,Bristol,2020-12-03,Gold
C01379,Individual,London,2020-06-21,Silver
C01380,Individual,London,2021-11-02,Gold
C01381,Individual,Manchester,2020-06-12,Bronze
C01382,Individual,Birmingham,2021-04-09,Bronze
C01383,Individual,London,2022-09-21,Platinum
C01384,Individual,Manchester,2021-05-11,Gold
C01385,Individual,Leeds,2021-11-30,Gold
C01386,Individual,London,2021-01-29,Gold
C01387,Individual,Birmingham,2021-12-03,Platinum
C01388,Individual,Leeds,2025-04-24,Bronze
C01389,Individual,Leeds,2020-11-03,Silver
C01390,Individual,Glasgow,2024-11-26,Gold
C01391,Individual,Bristol,2020-07-01,Platinum
C01392,Individual,Glasgow,2021-09-20,Silver
C01393,Individual,London,2024-12-22,Bronze
C01394,Business,Glasgow,2021-05-24,Gold
C01395,Business,Bristol,2024-09-27,Gold
C01396,Individual,Bristol,2021-06-29,Gold
C01397,Individual,Bristol,2024-05-06,Platinum
C01398,Business,Leeds,2021-09-15,Silver
C01399,Individual,Glasgow,2024-11-22,Gold
C01400,Individual,London,2021-08-16,Bronze
C01401,Individual,Leeds,2022-01-13,Bronze
C01402,Individual,Bristol,2023-06-04,Platinum
C01403,Business,London,2024-11-03,Gold
C01404,Individual,Bristol,2024-10-22,Silver
C01405,Individual,Glasgow,2023-12-30,Silver
C01406,Individual,Birmingham,2025-05-02,Bronze
C01407,Individual,Birmingham,2023-12-16,Gold
C01408,Individual,London,2021-07-07,Gold
C01409,Individual,Leeds,2020-01-21,Bronze
C01410,Individual,Manchester,2021-07-07,Gold
C01411,Individual,Glasgow,2021-01-31,Platinum
C01412,Business,London,2021-09-16,Silver
C01413,Business,Manchester,2020-04-14,Platinum
C01414,Individual,Leeds,2020-07-10,Platinum
C01415,Individual,Bristol,2020-01-17,Gold
C01416,Individual,Bristol,2023-02-17,Bronze
C01417,Individual,Bristol,2021-01-27,Gold
C01418,Individual,London,2021-02-28,Silver
C01419,Individual,London,2020-05-08,Gold
C01420,Business,Glasgow,2023-02-27,Silver
C01421,Business,Manchester,2021-07-25,Bronze
C01422,Individual,Glasgow,2024-05-02,Gold
C01423,Individual,Birmingham,2020-01-29,Platinum
C01424,Individual,Leeds,2023-01-25,Silver
C01425,Individual,Leeds,2022-10-30,Gold
C01426,Individual,Bristol,2020-08-29,Gold
C01427,Individual,London,2025-01-23,Gold
C01428,Individual,Manchester,2025-06-02,Bronze
C01429,Business,Bristol,2020-08-19,Bronze
C01430,Business,Bristol,2022-02-27,Silver
C01431,Individual,Birmingham,2023-07-31,Platinum
C01432,Individual,Birmingham,2021-12-15,Silver
C01433,Individual,Bristol,2022-01-28,Silver
C01434,Individual,Glasgow,2022-03-12,Bronze
C01435,Business,Leeds,2022-02-14,Bronze
C01436,Individual,Birmingham,2025-06-01,Bronze
C01437,Individual,Birmingham,2021-12-26,Platinum
C01438,Individual,London,2020-07-18,Gold
C01439,Individual,Bristol,2022-08-02,Gold
C01440,Individual,Birmingham,2020-03-19,Silver
C01441,Individual,Birmingham,2025-04-20,Gold
C01442,Individual,Leeds,2022-08-13,Bronze
C01443,Individual,Manchester,2025-02-21,Silver
C01444,Individual,London,2022-05-05,Bronze
C01445,Individual,Manchester,2023-04-11,Gold
C01446,Individual,Birmingham,2021-04-11,Silver
C01447,Individual,Bristol,2021-08-03,Silver
C01448,Individual,London,2023-12-10,Gold
C01449,Individual,Bristol,2022-07-28,Platinum
C01450,Individual,Manchester,2021-03-24,Bronze
C01451,Business,Glasgow,2020-03-27,Bronze
C01452,Individual,Leeds,2020-04-10,Bronze
C01453,Individual,Leeds,2022-10-28,Platinum
C01454,Individual,Glasgow,2022-04-24,Platinum
C01455,Individual,Birmingham,2023-05-08,Gold
C01456,Individual,Glasgow,2024-03-08,Bronze
C01457,Business,Bristol,2020-03-27,Silver
C01458,Individual,Glasgow,2020-02-12,Platinum
C01459,Individual,Leeds,2023-11-09,Gold
C01460,Business,Leeds,2024-07-02,Silver
C01461,Individual,Manchester,2023-12-29,Gold
C01462,Individual,Leeds,2021-02-11,Silver
C01463,Individual,Birmingham,2024-02-15,Platinum
C01464,Business,London,2021-10-25,Bronze
C01465,Business,London,2022-11-06,Gold
C01466,Business,Leeds,2024-07-26,Silver
C01467,Individual,Birmingham,2020-05-27,Silver
C01468,Individual,Leeds,2020-10-03,Bronze
C01469,Individual,Bristol,2020-08-19,Bronze
C01470,Individual,Bristol,2025-01-23,Platinum
C01471,Business,Bristol,2025-05-04,Platinum
C01472,Individual,Bristol,2020-12-31,Silver
C01473,Individual,Leeds,2023-06-05,Platinum
C01474,Individual,Birmingham,2024-08-01,Silver
C01475,Business,Leeds,2021-03-11,Gold
C01476,Individual,Manchester,2021-02-02,Bronze
C01477,Business,London,2023-05-19,Platinum
C01478,Individual,Bristol,2023-11-15,Bronze
C01479,Business,Manchester,2021-05-13,Gold
C01480,Business,London,2021-06-23,Bronze
C01481,Business,Birmingham,2021-07-16,Platinum
C01482,Individual,London,2024-02-23,Silver
C01483,Individual,Bristol,2021-03-17,Bronze
C01484,Individual,Glasgow,2023-07-08,Silver
C01485,Business,Bristol,2022-02-11,Gold
C01486,Business,Bristol,2020-12-15,Platinum
C01487,Individual,Manchester,2023-10-07,Gold
C01488,Individual,Bristol,2021-06-03,Gold
C01489,Business,Glasgow,2023-09-05,Gold
C01490,Individual,Bristol,2020-05-17,Bronze
C01491,Business,Manchester,2024-04-22,Gold
C01492,Individual,Birmingham,2024-07-04,Bronze
C01493,Individual,Glasgow,2022-09-18,Gold
C01494,Individual,Birmingham,2021-01-02,Bronze
C01495,Individual,Leeds,2023-05-28,Platinum
C01496,Individual,Glasgow,2023-09-22,Platinum
C01497,Business,Leeds,2023-05-31,Platinum
C01498,Individual,Glasgow,2024-07-29,Silver
C01499,Business,Manchester,2024-11-26,Silver
C01500,Business,Birmingham,2020-12-25,Platinum
C01501,Individual,Birmingham,2022-07-09,Silver
C01502,Individual,London,2020-11-24,Bronze
C01503,Individual,Manchester,2022-08-19,Platinum
C01504,Business,Manchester,2021-04-07,Bronze
C01505,Individual,Glasgow,2022-08-03,Platinum
C01506,Business,Glasgow,2022-08-20,Platinum
C01507,Individual,Leeds,2024-05-03,Platinum
C01508,Business,Leeds,2025-01-01,Gold
C01509,Individual,Manchester,2023-11-06,Platinum
C01510,Individual,Bristol,2022-04-15,Platinum
C01511,Individual,Glasgow,2024-06-01,Gold
C01512,Business,Bristol,2024-06-28,Gold
C01513,Individual,London,2020-06-17,Platinum
C01514,Individual,London,2020-08-04,Platinum
C01515,Individual,Manchester,2021-01-12,Gold
C01516,Business,Bristol,2020-04-28,Bronze
C01517,Individual,Manchester,2020-07-08,Platinum
C01518,Individual,Glasgow,2022-02-05,Gold
C01519,Individual,Birmingham,2021-01-04,Bronze
C01520,Business,Leeds,2024-12-06,Platinum
C01521,Individual,Leeds,2020-05-28,Gold
C01522,Individual,Birmingham,2024-08-26,Silver
C01523,Individual,Glasgow,2021-10-13,Gold
C01524,Individual,London,2025-02-25,Platinum
C01525,Individual,Bristol,2024-02-20,Bronze
C01526,Individual,Glasgow,2022-02-08,Bronze
C01527,Individual,Leeds,2021-01-08,Bronze
C01528,Individual,Bristol,2022-02-19,Bronze
C01529,Individual,Birmingham,2024-09-12,Silver
C01530,Individual,Birmingham,2020-06-08,Gold
C01531,Individual,Glasgow,2020-12-16,Bronze
C01532,Individual,Bristol,2025-04-19,Silver
C01533,Business,Birmingham,2023-08-04,Silver
C01534,Individual,Glasgow,2023-08-04,Silver
C01535,Business,Manchester,2022-06-10,Bronze
C01536,Individual,London,2023-06-03,Silver
C01537,Individual,Leeds,2021-06-06,Platinum
C01538,Business,Manchester,2021-06-05,Platinum
C01539,Individual,Manchester,2022-02-21,Gold
C01540,Individual,Glasgow,2020-09-29,Gold
C01541,Individual,London,2022-07-24,Silver
C01542,Business,Leeds,2023-11-26,Platinum
C01543,Individual,Leeds,2020-07-01,Silver
C01544,Business,Glasgow,2025-06-15,Platinum
C01545,Business,Birmingham,2024-08-15,Silver
C01546,Business,London,2021-05-02,Gold
C01547,Business,Leeds,2025-01-24,Gold
C01548,Individual,London,2022-04-25,Gold
C01549,Business,Bristol,2020-05-03,Gold
C01550,Individual,Birmingham,2022-09-11,Gold
C01551,Individual,Birmingham,2024-07-07,Platinum
C01552,Business,Glasgow,2022-02-28,Silver
C01553,Individual,Bristol,2021-02-17,Gold
C01554,Individual,Birmingham,2024-10-14,Bronze
C01555,Individual,London,2023-04-10,Bronze
C01556,Business,London,2023-08-04,Bronze
C01557,Business,Birmingham,2023-12-29,Silver
C01558,Individual,Birmingham,2021-11-16,Silver
C01559,Individual,London,2020-04-22,Bronze
C01560,Individual,Bristol,2022-06-06,Silver
C01561,Individual,Glasgow,2025-04-24,Bronze
C01562,Individual,Bristol,2020-05-01,Silver
C01563,Business,Glasgow,2024-04-16,Silver
C01564,Individual,Glasgow,2023-05-30,Silver
C01565,Individual,Birmingham,2024-07-12,Platinum
C01566,Individual,Glasgow,2020-02-08,Platinum
C01567,Individual,Leeds,2021-05-11,Gold
C01568,Individual,Manchester,2022-02-18,Bronze
C01569,Individual,London,2023-06-10,Platinum
C01570,Business,Birmingham,2022-07-31,Bronze
C01571,Individual,Birmingham,2024-04-02,Silver
C01572,Business,London,2020-05-28,Platinum
C01573,Individual,Bristol,2023-11-21,Platinum
C01574,Individual,Glasgow,2022-10-18,Platinum
C01575,Individual,Manchester,2021-10-22,Platinum
C01576,Individual,Bristol,2024-07-19,Bronze
C01577,Business,Glasgow,2025-04-11,Gold
C01578,Individual,London,2020-10-28,Bronze
C01579,Individual,Bristol,2023-10-15,Gold
C01580,Business,London,2020-08-25,Platinum
C01581,Individual,Glasgow,2021-10-08,Bronze
C01582,Individual,Glasgow,2021-10-24,Platinum
C01583,Individual,Manchester,2020-08-23,Gold
C01584,Business,Bristol,2024-10-25,Bronze
C01585,Business,Leeds,2020-07-21,Platinum
C01586,Business,Glasgow,2020-09-12,Bronze
C01587,Individual,London,2021-08-20,Platinum
C01588,Business,London,2021-10-23,Gold
C01589,Individual,Glasgow,2020-08-22,Gold
C01590,Business,London,2023-09-30,Bronze
C01591,Individual,Bristol,2021-06-17,Gold
C01592,Individual,Leeds,2022-05-09,Gold
C01593,Individual,Manchester,2024-12-25,Bronze
C01594,Business,Glasgow,2024-12-09,Silver
C01595,Individual,Glasgow,2024-01-29,Platinum
C01596,Individual,Glasgow,2022-02-08,Gold
C01597,Business,London,2021-06-24,Platinum
C01598,Individual,Manchester,2020-07-31,Bronze
C01599,Individual,London,2021-04-07,Silver
C01600,Business,Leeds,2021-03-11,Bronze
C01601,Individual,Leeds,2020-10-09,Platinum
C01602,Individual,London,2024-05-04,Gold
C01603,Individual,Birmingham,2024-06-18,Bronze
C01604,Business,London,2024-01-26,Silver
C01605,Business,Glasgow,2023-12-01,Silver
C01606,Individual,London,2020-03-28,Bronze
C01607,Individual,Leeds,2022-12-03,Bronze
C01608,Business,Bristol,2021-04-05,Bronze
C01609,Individual,Glasgow,2020-10-04,Silver
C01610,Individual,Manchester,2024-09-02,Bronze
C01611,Individual,London,2021-02-24,Platinum
C01612,Individual,Bristol,2024-09-20,Bronze
C01613,Individual,London,2023-10-08,Platinum
C01614,Individual,London,2021-11-26,Silver
C01615,Business,Birmingham,2021-05-29,Platinum
C01616,Individual,London,2021-12-03,Silver
C01617,Individual,Manchester,2024-07-11,Bronze
C01618,Individual,Birmingham,2020-01-19,Bronze
C01619,Individual,Birmingham,2020-01-23,Silver
C01620,Business,Manchester,2021-02-16,Gold
C01621,Individual,Leeds,2022-11-19,Silver
C01622,Individual,Manchester,2025-01-04,Bronze
C01623,Business,Manchester,2020-04-17,Bronze
C01624,Business,London,2023-10-22,Bronze
C01625,Individual,Manchester,2023-07-28,Bronze
C01626,Individual,Leeds,2023-02-25,Platinum
C01627,Individual,Manchester,2023-06-06,Silver
C01628,Individual,Bristol,2023-02-08,Platinum
C01629,Business,Manchester,2020-05-15,Silver
C01630,Individual,Bristol,2020-12-27,Silver
C01631,Business,Bristol,2023-04-24,Bronze
C01632,Individual,Birmingham,2024-08-06,Platinum
C01633,Individual,Bristol,2024-05-26,Silver
C01634,Individual,London,2020-05-08,Bronze
C01635,Individual,Bristol,2025-03-14,Silver
C01636,Business,Glasgow,2023-07-08,Silver
C01637,Individual,London,2021-05-29,Silver
C01638,Individual,Manchester,2021-03-24,Platinum
C01639,Business,Manchester,2025-04-07,Silver
C01640,Individual,London,2023-02-01,Gold
C01641,Individual,Manchester,2024-02-15,Platinum
C01642,Individual,Birmingham,2023-06-01,Platinum
C01643,Individual,London,2025-01-29,Bronze
C01644,Individual,Manchester,2022-05-23,Bronze
C01645,Business,Bristol,2025-03-04,Bronze
C01646,Individual,Manchester,2024-02-23,Platinum
C01647,Individual,Leeds,2021-04-17,Silver
C01648,Individual,Manchester,2022-10-30,Bronze
C01649,Individual,Manchester,2023-11-29,Bronze
C01650,Individual,Glasgow,2025-04-03,Platinum
C01651,Individual,Leeds,2020-10-28,Silver
C01652,Individual,Leeds,2020-08-18,Platinum
C01653,Individual,Leeds,2024-10-20,Silver
C01654,Individual,Bristol,2022-07-11,Platinum
C01655,Individual,Leeds,2022-12-25,Gold
C01656,Individual,Leeds,2022-07-25,Silver
C01657,Individual,Birmingham,2020-04-21,Silver
C01658,Individual,Manchester,2022-11-02,Bronze
C01659,Individual,Birmingham,2023-11-17,Silver
C01660,Individual,Leeds,2021-05-14,Platinum
C01661,Business,Manchester,2022-07-20,Gold
C01662,Individual,Birmingham,2021-08-20,Silver
C01663,Individual,Bristol,2020-08-21,Silver
C01664,Individual,Leeds,2021-08-24,Platinum
C01665,Individual,Bristol,2020-11-09,Platinum
C01666,Business,Birmingham,2021-07-19,Bronze
C01667,Business,Glasgow,2022-11-01,Silver
C01668,Individual,Birmingham,2020-07-27,Platinum
C01669,Individual,Bristol,2025-06-20,Silver
C01670,Individual,Leeds,2022-11-03,Bronze
C01671,Individual,Leeds,2024-07-14,Bronze
C01672,Business,Bristol,2023-12-12,Platinum
C01673,Business,Glasgow,2023-12-31,Bronze
C01674,Business,Leeds,2023-11-01,Silver
C01675,Individual,Bristol,2022-11-09,Bronze
C01676,Business,Manchester,2021-08-09,Silver
C01677,Individual,Birmingham,2025-04-19,Silver
C01678,Individual,London,2024-11-13,Platinum
C01679,Individual,Manchester,2024-10-24,Platinum
C01680,Individual,Leeds,2022-10-11,Platinum
C01681,Individual,Glasgow,2022-12-29,Platinum
C01682,Individual,Birmingham,2025-01-21,Platinum
C01683,Individual,Glasgow,2023-05-19,Bronze
C01684,Business,Glasgow,2023-01-29,Gold
C01685,Individual,Birmingham,2021-11-28,Platinum
C01686,Individual,Glasgow,2020-05-11,Silver
C01687,Individual,Bristol,2024-07-04,Gold
C01688,Individual,Bristol,2023-11-05,Gold
C01689,Individual,London,2023-03-01,Platinum
C01690,Individual,Leeds,2022-11-09,Bronze
C01691,Individual,Birmingham,2025-04-13,Silver
C01692,Individual,Bristol,2021-06-19,Silver
C01693,Individual,Birmingham,2022-10-10,Silver
C01694,Individual,Glasgow,2020-08-14,Platinum
C01695,Individual,Glasgow,2023-03-23,Silver
C01696,Individual,Birmingham,2025-01-02,Gold
C01697,Business,Birmingham,2024-10-31,Bronze
C01698,Individual,Birmingham,2024-02-01,Gold
C01699,Business,Leeds,2022-04-01,Bronze
C01700,Business,Glasgow,2022-05-20,Gold
C01701,Business,Bristol,2021-02-08,Gold
C01702,Individual,Manchester,2020-07-20,Platinum
C01703,Individual,London,2020-02-07,Platinum
C01704,Individual,Birmingham,2022-07-30,Bronze
C01705,Individual,Manchester,2024-11-30,Gold
C01706,Individual,Glasgow,2020-07-06,Silver
C01707,Business,Manchester,2022-12-16,Silver
C01708,Individual,Birmingham,2022-07-29,Platinum
C01709,Individual,Leeds,2022-11-09,Gold
C01710,Business,Leeds,2020-09-29,Bronze
C01711,Individual,Manchester,2023-02-16,Bronze
C01712,Individual,Manchester,2021-08-05,Gold
C01713,Business,Bristol,2021-05-30,Gold
C01714,Individual,Leeds,2023-05-29,Platinum
C01715,Business,Birmingham,2021-06-09,Silver
C01716,Individual,Manchester,2024-03-18,Gold
C01717,Individual,Leeds,2024-10-17,Gold
C01718,Individual,London,2024-10-30,Silver
C01719,Individual,Birmingham,2020-12-01,Platinum
C01720,Individual,Bristol,2021-11-28,Silver
C01721,Individual,Manchester,2022-12-14,Silver
C01722,Individual,Manchester,2021-05-14,Silver
C01723,Individual,London,2022-06-18,Gold
C01724,Individual,Leeds,2025-03-26,Gold
C01725,Individual,Manchester,2022-02-04,Silver
C01726,Individual,Glasgow,2021-06-19,Gold
C01727,Individual,Manchester,2020-06-10,Gold
C01728,Business,Bristol,2024-08-20,Silver
C01729,Individual,London,2021-08-16,Bronze
C01730,Business,Leeds,2025-04-22,Silver
C01731,Business,Birmingham,2020-06-07,Silver
C01732,Individual,Glasgow,2023-04-26,Gold
C01733,Individual,Leeds,2020-02-29,Gold
C01734,Individual,Bristol,2022-07-03,Platinum
C01735,Individual,Glasgow,2025-01-14,Bronze
C01736,Business,London,2023-09-04,Silver
C01737,Individual,Birmingham,2025-03-16,Bronze
C01738,Business,Bristol,2020-07-29,Silver
C01739,Business,Birmingham,2021-02-09,Bronze
C01740,Individual,London,2021-10-25,Silver
C01741,Individual,Birmingham,2023-02-06,Silver
C01742,Individual,London,2023-01-04,Platinum
C01743,Individual,Bristol,2021-06-25,Platinum
C01744,Individual,Leeds,2023-08-30,Gold
C01745,Individual,Glasgow,2022-09-24,Gold
C01746,Business,Manchester,2023-02-14,Platinum
C01747,Individual,Leeds,2022-07-15,Gold
C01748,Individual,Birmingham,2022-05-17,Gold
C01749,Individual,Birmingham,2024-09-23,Platinum
C01750,Individual,Manchester,2020-01-19,Platinum
C01751,Business,Leeds,2021-03-07,Gold
C01752,Individual,Glasgow,2024-09-04,Platinum
C01753,Business,Manchester,2022-01-09,Bronze
C01754,Individual,Manchester,2023-10-05,Gold
C01755,Business,Bristol,2020-07-01,Gold
C01756,Individual,Bristol,2020-04-22,Platinum
C01757,Individual,London,2023-04-21,Platinum
C01758,Individual,Leeds,2021-04-25,Silver
C01759,Business,Glasgow,2023-03-15,Silver
C01760,Individual,Manchester,2022-04-10,Platinum
C01761,Individual,Bristol,2024-07-09,Platinum
C01762,Individual,Birmingham,2023-02-10,Gold
C01763,Business,Bristol,2022-02-01,Platinum
C01764,Individual,London,2021-04-20,Bronze
C01765,Individual,Birmingham,2022-02-01,Gold
C01766,Business,London,2023-08-19,Gold
C01767,Business,Manchester,2022-08-28,Platinum
C01768,Individual,London,2025-01-22,Bronze
C01769,Individual,Leeds,2022-10-16,Bronze
C01770,Individual,Bristol,2023-02-15,Platinum
C01771,Business,Birmingham,2025-01-10,Platinum
C01772,Individual,Birmingham,2020-06-09,Bronze
C01773,Individual,Manchester,2021-02-04,Bronze
C01774,Individual,Birmingham,2020-07-16,Platinum
C01775,Individual,Birmingham,2023-07-07,Silver
C01776,Individual,Birmingham,2021-10-21,Gold
C01777,Business,Glasgow,2024-11-10,Gold
C01778,Individual,Birmingham,2022-12-06,Gold
C01779,Individual,Bristol,2021-02-02,Silver
C01780,Individual,London,2024-09-29,Silver
C01781,Individual,Birmingham,2024-05-01,Gold
C01782,Individual,Glasgow,2020-03-18,Gold
C01783,Individual,Bristol,2020-05-03,Gold
C01784,Individual,London,2020-03-15,Silver
C01785,Individual,Birmingham,2025-03-09,Platinum
C01786,Business,Birmingham,2020-05-16,Silver
C01787,Individual,Manchester,2021-08-24,Silver
C01788,Individual,Manchester,2023-11-24,Bronze
C01789,Business,Leeds,2022-04-16,Bronze
C01790,Individual,Manchester,2024-03-08,Bronze
C01791,Business,Birmingham,2021-05-14,Gold
C01792,Individual,Manchester,2024-05-15,Platinum
C01793,Individual,Manchester,2020-05-17,Gold
C01794,Individual,Glasgow,2020-02-19,Bronze
C01795,Individual,Manchester,2024-11-29,Silver
C01796,Individual,Birmingham,2022-08-30,Silver
C01797,Individual,Manchester,2024-06-30,Bronze
C01798,Business,Glasgow,2024-07-06,Bronze
C01799,Individual,London,2025-02-28,Platinum
C01800,Business,London,2020-09-10,Silver
C01801,Individual,London,2024-07-11,Bronze
C01802,Business,London,2021-12-10,Gold
C01803,Individual,London,2025-02-15,Gold
C01804,Individual,London,2025-03-15,Bronze
C01805,Individual,Bristol,2021-07-16,Silver
C01806,Individual,Glasgow,2022-01-26,Gold
C01807,Individual,London,2025-04-22,Silver
C01808,Individual,Bristol,2023-12-20,Gold
C01809,Individual,Manchester,2021-06-30,Silver
C01810,Individual,London,2023-08-18,Bronze
C01811,Individual,Glasgow,2022-07-10,Silver
C01812,Individual,Manchester,2021-08-03,Bronze
C01813,Individual,Manchester,2023-10-04,Platinum
C01814,Individual,Glasgow,2025-01-29,Silver
C01815,Business,Glasgow,2025-05-10,Bronze
C01816,Individual,Birmingham,2020-02-18,Platinum
C01817,Business,Manchester,2022-07-05,Silver
C01818,Business,London,2023-01-02,Gold
C01819,Individual,Leeds,2021-12-04,Bronze
C01820,Individual,Leeds,2020-09-17,Gold
C01821,Individual,Bristol,2020-12-21,Bronze
C01822,Individual,Birmingham,2024-05-24,Platinum
C01823,Individual,Leeds,2024-06-13,Gold
C01824,Business,Bristol,2023-07-07,Gold
C01825,Business,Manchester,2021-09-29,Platinum
C01826,Individual,Leeds,2022-01-12,Silver
C01827,Individual,Leeds,2023-08-11,Gold
C01828,Individual,London,2022-10-06,Platinum
C01829,Individual,Leeds,2022-07-19,Platinum
C01830,Individual,London,2021-10-02,Silver
C01831,Business,Leeds,2022-03-02,Bronze
C01832,Individual,London,2023-08-29,Gold
C01833,Individual,Birmingham,2021-09-03,Silver
C01834,Business,London,2025-02-04,Silver
C01835,Business,Glasgow,2022-03-19,Platinum
C01836,Individual,Glasgow,2023-04-20,Gold
C01837,Business,Birmingham,2021-11-16,Platinum
C01838,Business,Leeds,2025-01-25,Gold
C01839,Individual,Leeds,2023-10-19,Bronze
C01840,Individual,Birmingham,2020-07-06,Platinum
C01841,Business,Manchester,2024-05-11,Silver
C01842,Individual,London,2024-04-15,Bronze
C01843,Individual,Leeds,2024-06-07,Bronze
C01844,Individual,Leeds,2024-08-14,Gold
C01845,Individual,Birmingham,2022-09-11,Bronze
C01846,Individual,Glasgow,2021-07-01,Platinum
C01847,Business,Manchester,2021-12-25,Gold
C01848,Business,Leeds,2022-07-14,Gold
C01849,Individual,Bristol,2023-12-02,Bronze
C01850,Individual,Leeds,2022-05-25,Bronze
C01851,Business,Leeds,2021-09-09,Gold
C01852,Business,Leeds,2021-02-17,Platinum
C01853,Individual,London,2023-09-27,Silver
C01854,Individual,Glasgow,2023-05-28,Silver
C01855,Business,Leeds,2022-06-21,Silver
C01856,Individual,Glasgow,2020-06-11,Platinum
C01857,Business,London,2025-05-28,Platinum
C01858,Business,Leeds,2023-05-28,Silver
C01859,Individual,Leeds,2020-09-26,Gold
C01860,Business,Bristol,2021-09-23,Platinum
C01861,Individual,Birmingham,2022-06-24,Gold
C01862,Individual,London,2025-02-14,Bronze
C01863,Individual,Birmingham,2023-11-24,Gold
C01864,Individual,Glasgow,2023-04-20,Gold
C01865,Business,London,2024-06-29,Platinum
C01866,Individual,Birmingham,2024-10-18,Platinum
C01867,Individual,London,2020-07-23,Silver
C01868,Individual,Manchester,2021-08-04,Gold
C01869,Individual,Glasgow,2024-04-28,Bronze
C01870,Individual,London,2022-04-20,Gold
C01871,Individual,London,2025-01-10,Gold
C01872,Individual,Leeds,2023-06-05,Platinum
C01873,Business,Birmingham,2024-09-15,Bronze
C01874,Business,Bristol,2024-06-30,Bronze
C01875,Individual,Leeds,2021-08-18,Platinum
C01876,Individual,Bristol,2025-02-16,Bronze
C01877,Business,London,2020-09-06,Silver
C01878,Individual,Leeds,2022-05-24,Gold
C01879,Individual,Bristol,2024-01-04,Gold
C01880,Individual,Leeds,2024-04-05,Silver
C01881,Business,Glasgow,2020-07-14,Bronze
C01882,Individual,Birmingham,2021-11-20,Gold
C01883,Individual,Birmingham,2025-05-06,Platinum
C01884,Individual,Bristol,2024-03-22,Bronze
C01885,Individual,Bristol,2022-12-29,Gold
C01886,Individual,London,2021-09-30,Platinum
C01887,Business,Manchester,2023-11-23,Gold
C01888,Individual,Glasgow,2021-11-02,Gold
C01889,Individual,Leeds,2024-11-18,Gold
C01890,Individual,Leeds,2023-05-11,Platinum
C01891,Individual,Bristol,2023-03-17,Platinum
C01892,Individual,London,2024-02-04,Silver
C01893,Business,Manchester,2024-08-05,Platinum
C01894,Individual,Glasgow,2022-08-01,Platinum
C01895,Individual,Bristol,2020-07-17,Silver
C01896,Individual,Leeds,2025-04-24,Silver
C01897,Individual,Manchester,2023-12-20,Gold
C01898,Business,Leeds,2024-08-16,Gold
C01899,Individual,Glasgow,2021-05-06,Silver
C01900,Business,Birmingham,2025-03-26,Gold
C01901,Individual,Birmingham,2022-06-14,Silver
C01902,Business,Manchester,2020-05-21,Bronze
C01903,Individual,Manchester,2023-08-29,Bronze
C01904,Individual,Birmingham,2020-06-13,Platinum
C01905,Business,Bristol,2020-11-09,Platinum
C01906,Business,Glasgow,2020-01-21,Bronze
C01907,Individual,Manchester,2023-01-10,Gold
C01908,Individual,London,2024-05-23,Gold
C01909,Individual,Glasgow,2023-02-28,Silver
C01910,Individual,Glasgow,2024-06-10,Platinum
C01911,Individual,London,2024-10-19,Bronze
C01912,Individual,Bristol,2025-05-10,Gold
C01913,Individual,Leeds,2022-09-10,Gold
C01914,Individual,Leeds,2020-10-31,Silver
C01915,Individual,London,2025-04-22,Bronze
C01916,Individual,Leeds,2021-01-05,Bronze
C01917,Individual,Bristol,2025-02-23,Bronze
C01918,Individual,Birmingham,2022-05-02,Platinum
C01919,Individual,Leeds,2021-01-18,Silver
C01920,Individual,London,2025-04-15,Silver
C01921,Individual,Birmingham,2021-03-20,Platinum
C01922,Business,Birmingham,2021-02-28,Bronze
C01923,Business,Bristol,2020-06-09,Gold
C01924,Individual,Birmingham,2023-04-16,Platinum
C01925,Business,Glasgow,2021-09-20,Silver
C01926,Individual,Manchester,2024-09-27,Gold
C01927,Business,Glasgow,2022-06-13,Gold
C01928,Individual,London,2021-05-04,Bronze
C01929,Individual,Glasgow,2022-10-13,Silver
C01930,Individual,Bristol,2020-11-22,Platinum
C01931,Individual,Glasgow,2021-08-20,Gold
C01932,Individual,Bristol,2022-10-11,Silver
C01933,Business,Leeds,2020-10-15,Bronze
C01934,Business,Birmingham,2021-08-15,Gold
C01935,Individual,Manchester,2024-08-14,Gold
C01936,Individual,Manchester,2024-05-15,Platinum
C01937,Individual,Glasgow,2021-07-26,Platinum
C01938,Individual,Birmingham,2023-10-09,Bronze
C01939,Business,Leeds,2020-01-28,Platinum
C01940,Individual,Glasgow,2022-08-11,Platinum
C01941,Individual,Manchester,2020-02-12,Gold
C01942,Individual,Birmingham,2024-08-31,Platinum
C01943,Individual,Leeds,2021-02-26,Bronze
C01944,Individual,Glasgow,2024-06-09,Silver
C01945,Business,Glasgow,2020-06-25,Silver
C01946,Individual,Leeds,2021-06-12,Silver
C01947,Individual,Birmingham,2024-06-21,Bronze
C01948,Individual,Manchester,2022-08-23,Silver
C01949,Individual,Bristol,2024-02-26,Platinum
C01950,Individual,Leeds,2020-07-16,Platinum
C01951,Individual,Birmingham,2021-09-01,Silver
C01952,Individual,Birmingham,2024-05-19,Silver
C01953,Individual,Leeds,2022-04-21,Gold
C01954,Individual,Leeds,2022-05-02,Platinum
C01955,Individual,London,2024-03-20,Bronze
C01956,Individual,London,2024-03-17,Platinum
C01957,Individual,Birmingham,2020-01-22,Silver
C01958,Individual,Leeds,2023-02-09,Platinum
C01959,Individual,Manchester,2022-12-16,Bronze
C01960,Individual,Manchester,2022-12-25,Bronze
C01961,Individual,Glasgow,2022-04-21,Platinum
C01962,Business,Glasgow,2020-04-07,Platinum
C01963,Individual,Manchester,2023-03-13,Silver
C01964,Individual,Birmingham,2025-03-18,Gold
C01965,Business,Leeds,2021-03-10,Silver
C01966,Business,Manchester,2021-09-28,Silver
C01967,Individual,Glasgow,2024-08-29,Silver
C01968,Business,Manchester,2023-01-14,Platinum
C01969,Individual,London,2021-08-10,Gold
C01970,Individual,Manchester,2020-12-09,Platinum
C01971,Individual,Birmingham,2025-05-13,Platinum
C01972,Individual,London,2023-08-10,Platinum
C01973,Individual,Birmingham,2025-06-02,Platinum
C01974,Individual,Glasgow,2021-07-24,Platinum
C01975,Business,Glasgow,2024-07-31,Gold
C01976,Individual,London,2021-09-02,Bronze
C01977,Individual,Birmingham,2024-09-23,Silver
C01978,Business,Birmingham,2020-08-30,Bronze
C01979,Individual,Birmingham,2025-01-28,Platinum
C01980,Individual,Leeds,2021-07-14,Gold
C01981,Individual,Bristol,2022-08-17,Bronze
C01982,Individual,Birmingham,2020-02-01,Silver
C01983,Business,Birmingham,2021-01-25,Platinum
C01984,Individual,London,2020-10-03,Gold
C01985,Business,Manchester,2021-06-15,Gold
C01986,Individual,Birmingham,2023-03-23,Bronze
C01987,Individual,Leeds,2021-01-17,Gold
C01988,Individual,Leeds,2022-12-27,Gold
C01989,Individual,Bristol,2025-03-16,Gold
C01990,Individual,Leeds,2022-06-02,Silver
C01991,Individual,Glasgow,2020-08-01,Platinum
C01992,Individual,Bristol,2024-08-05,Platinum
C01993,Individual,Manchester,2021-01-10,Silver
C01994,Individual,Manchester,2022-01-13,Silver
C01995,Individual,Leeds,2020-07-31,Gold
C01996,Individual,Glasgow,2020-03-19,Platinum
C01997,Business,London,2024-10-15,Platinum
C01998,Individual,Leeds,2021-09-19,Gold
C01999,Business,Leeds,2021-08-26,Platinum
C02000,Individual,Glasgow,2022-02-20,Silver
